/*
SQLyog Ultimate v11.24 (32 bit)
MySQL - 5.5.41-MariaDB-log : Database - register
*********************************************************************
*/

/*!40101 SET NAMES utf8 */;

/*!40101 SET SQL_MODE=''*/;

/*!40014 SET @OLD_UNIQUE_CHECKS=@@UNIQUE_CHECKS, UNIQUE_CHECKS=0 */;
/*!40014 SET @OLD_FOREIGN_KEY_CHECKS=@@FOREIGN_KEY_CHECKS, FOREIGN_KEY_CHECKS=0 */;
/*!40101 SET @OLD_SQL_MODE=@@SQL_MODE, SQL_MODE='NO_AUTO_VALUE_ON_ZERO' */;
/*!40111 SET @OLD_SQL_NOTES=@@SQL_NOTES, SQL_NOTES=0 */;
CREATE DATABASE /*!32312 IF NOT EXISTS*/`register` /*!40100 DEFAULT CHARACTER SET utf8 */;

USE `register`;

/*Table structure for table `jiyi_admin_password_resets` */

DROP TABLE IF EXISTS `jiyi_admin_password_resets`;

CREATE TABLE `jiyi_admin_password_resets` (
  `email` varchar(255) COLLATE utf8_unicode_ci NOT NULL,
  `token` varchar(255) COLLATE utf8_unicode_ci NOT NULL,
  `created_at` timestamp NOT NULL DEFAULT CURRENT_TIMESTAMP ON UPDATE CURRENT_TIMESTAMP,
  KEY `admin_password_resets_email_index` (`email`),
  KEY `admin_password_resets_token_index` (`token`)
) ENGINE=InnoDB DEFAULT CHARSET=utf8 COLLATE=utf8_unicode_ci;

/*Data for the table `jiyi_admin_password_resets` */

/*Table structure for table `jiyi_admin_users` */

DROP TABLE IF EXISTS `jiyi_admin_users`;

CREATE TABLE `jiyi_admin_users` (
  `id` int(10) unsigned NOT NULL AUTO_INCREMENT,
  `name` varchar(255) COLLATE utf8_unicode_ci NOT NULL,
  `nickname` varchar(255) COLLATE utf8_unicode_ci NOT NULL,
  `email` varchar(255) COLLATE utf8_unicode_ci NOT NULL,
  `password` varchar(60) COLLATE utf8_unicode_ci NOT NULL,
  `is_super` tinyint(4) NOT NULL DEFAULT '0' COMMENT '是否超级管理员',
  `remember_token` varchar(100) COLLATE utf8_unicode_ci DEFAULT NULL,
  `created_at` timestamp NULL DEFAULT NULL,
  `updated_at` timestamp NULL DEFAULT NULL,
  PRIMARY KEY (`id`),
  UNIQUE KEY `admin_users_name_unique` (`name`),
  UNIQUE KEY `admin_users_nickname_unique` (`nickname`),
  UNIQUE KEY `admin_users_email_unique` (`email`)
) ENGINE=InnoDB AUTO_INCREMENT=3 DEFAULT CHARSET=utf8 COLLATE=utf8_unicode_ci;

/*Data for the table `jiyi_admin_users` */

insert  into `jiyi_admin_users`(`id`,`name`,`nickname`,`email`,`password`,`is_super`,`remember_token`,`created_at`,`updated_at`) values (1,'admin','管理员','admin@admin.com','$2y$10$cd5owJKfuNIAC5CHBO16ouMW4eBIEageIoOunjkeFWL1qocNiAt46',1,'RIOdwj6fObIGzPCvEMBAe6Y9WLHBKAY3PxBQSWhnhCWDSFlGfD4GL4uDNtWs','2016-06-02 07:33:41','2016-07-18 13:05:55'),(2,'test','测试用户','test@test.com','$2y$10$/xZLnfFhq0Ui6Uv8ZpN8LO2zrGxs7fYgBdqS4BQDCi24gAnTuOvqC',0,NULL,'2016-07-18 13:05:45','2016-07-18 13:12:42');

/*Table structure for table `jiyi_migrations` */

DROP TABLE IF EXISTS `jiyi_migrations`;

CREATE TABLE `jiyi_migrations` (
  `migration` varchar(255) COLLATE utf8_unicode_ci NOT NULL,
  `batch` int(11) NOT NULL
) ENGINE=InnoDB DEFAULT CHARSET=utf8 COLLATE=utf8_unicode_ci;

/*Data for the table `jiyi_migrations` */

insert  into `jiyi_migrations`(`migration`,`batch`) values ('2014_10_12_000000_create_users_table',1),('2014_10_12_100000_create_password_resets_table',1),('2016_06_01_054136_create_admin_users_table',1),('2016_06_01_055221_create_admin_password_resets_table',1),('2016_06_01_055303_entrust_setup_tables',1),('2016_06_21_085137_create_tests_table',2),('2016_06_28_082244_create_registers_table',3),('2016_06_29_024136_create_registers_table',4),('2016_06_29_025419_add_users_column',5),('2016_07_08_083535_edit_registers_table',6);

/*Table structure for table `jiyi_password_resets` */

DROP TABLE IF EXISTS `jiyi_password_resets`;

CREATE TABLE `jiyi_password_resets` (
  `email` varchar(255) COLLATE utf8_unicode_ci NOT NULL,
  `token` varchar(255) COLLATE utf8_unicode_ci NOT NULL,
  `created_at` timestamp NOT NULL DEFAULT CURRENT_TIMESTAMP ON UPDATE CURRENT_TIMESTAMP,
  KEY `password_resets_email_index` (`email`),
  KEY `password_resets_token_index` (`token`)
) ENGINE=InnoDB DEFAULT CHARSET=utf8 COLLATE=utf8_unicode_ci;

/*Data for the table `jiyi_password_resets` */

/*Table structure for table `jiyi_permission_role` */

DROP TABLE IF EXISTS `jiyi_permission_role`;

CREATE TABLE `jiyi_permission_role` (
  `permission_id` int(10) unsigned NOT NULL,
  `role_id` int(10) unsigned NOT NULL,
  PRIMARY KEY (`permission_id`,`role_id`),
  KEY `permission_role_role_id_foreign` (`role_id`),
  CONSTRAINT `permission_role_permission_id_foreign` FOREIGN KEY (`permission_id`) REFERENCES `jiyi_permissions` (`id`) ON DELETE CASCADE ON UPDATE CASCADE,
  CONSTRAINT `permission_role_role_id_foreign` FOREIGN KEY (`role_id`) REFERENCES `jiyi_roles` (`id`) ON DELETE CASCADE ON UPDATE CASCADE
) ENGINE=InnoDB DEFAULT CHARSET=utf8 COLLATE=utf8_unicode_ci;

/*Data for the table `jiyi_permission_role` */

insert  into `jiyi_permission_role`(`permission_id`,`role_id`) values (20,1),(20,3),(21,1),(21,3),(22,1),(35,1),(35,3),(36,1),(36,3),(37,1),(37,3),(38,1),(39,1),(40,1),(42,1),(42,3),(43,1),(44,1),(44,3),(45,1),(46,1),(47,1),(47,3),(48,1),(49,1),(50,1),(51,1),(51,3),(52,1),(53,1),(54,1),(54,3),(55,1),(56,1),(56,3),(57,1),(58,1),(59,1),(59,3),(60,1),(60,3),(61,1),(62,1),(63,1),(63,3),(64,1),(65,1),(66,1),(74,3),(76,3);

/*Table structure for table `jiyi_permissions` */

DROP TABLE IF EXISTS `jiyi_permissions`;

CREATE TABLE `jiyi_permissions` (
  `id` int(10) unsigned NOT NULL AUTO_INCREMENT,
  `fid` int(10) unsigned DEFAULT '0' COMMENT '菜单父ID',
  `icon` varchar(255) COLLATE utf8_unicode_ci DEFAULT NULL COMMENT '图标class',
  `name` varchar(255) COLLATE utf8_unicode_ci NOT NULL,
  `display_name` varchar(255) COLLATE utf8_unicode_ci DEFAULT NULL,
  `description` varchar(255) COLLATE utf8_unicode_ci DEFAULT NULL,
  `is_menu` tinyint(1) DEFAULT '0' COMMENT '是否作为菜单显示,[1|0]',
  `sort` tinyint(5) DEFAULT NULL,
  `created_at` timestamp NULL DEFAULT NULL,
  `updated_at` timestamp NULL DEFAULT NULL,
  PRIMARY KEY (`id`),
  UNIQUE KEY `permissions_name_unique` (`name`)
) ENGINE=InnoDB AUTO_INCREMENT=77 DEFAULT CHARSET=utf8 COLLATE=utf8_unicode_ci;

/*Data for the table `jiyi_permissions` */

insert  into `jiyi_permissions`(`id`,`fid`,`icon`,`name`,`display_name`,`description`,`is_menu`,`sort`,`created_at`,`updated_at`) values (20,0,'edit','#-1456129983','系统设置','',1,100,'2016-02-22 09:33:03','2016-02-22 09:33:03'),(21,20,'','admin.users.index','用户权限','查看后台用户列表',1,0,'2016-02-18 08:56:26','2016-02-18 08:56:26'),(22,20,'','admin.users.create','创建后台用户','页面',0,0,'2016-02-23 04:48:18','2016-02-23 04:48:18'),(35,0,'home','admin.home','控制台','后台首页',1,0,'2016-04-13 08:46:58','2016-04-13 06:46:58'),(36,0,'graduation-cap','#-1467094682','报名管理','',1,0,'2016-04-20 04:19:15','2016-06-28 06:18:02'),(37,36,'','admin.registers.index','报名列表','',1,0,'2016-02-22 10:15:48','2016-06-28 08:27:18'),(38,20,'','admin.users.store','保存新建后台用户','操作',0,0,'2016-02-23 04:48:52','2016-02-23 04:48:52'),(39,20,'','admin.users.destroy','删除后台用户','操作',0,0,'2016-02-23 04:49:09','2016-02-23 04:49:09'),(40,20,'','admin.users.destory.all','批量后台用户删除','操作',0,0,'2016-02-23 05:01:01','2016-02-23 05:01:01'),(42,20,'','admin.users.edit','编辑后台用户','页面',0,0,'2016-02-23 04:48:35','2016-02-23 04:48:35'),(43,20,'','admin.users.update','保存编辑后台用户','操作',0,0,'2016-02-23 04:50:12','2016-02-23 04:50:12'),(44,20,'','admin.permission.index','权限管理','页面',0,0,'2016-02-23 04:51:36','2016-02-23 04:51:36'),(45,20,'','admin.permission.create','新建权限','页面',0,0,'2016-02-23 04:52:16','2016-02-23 04:52:16'),(46,20,'','admin.permission.store','保存新建权限','操作',0,0,'2016-02-23 04:52:38','2016-02-23 04:52:38'),(47,20,'','admin.permission.edit','编辑权限','页面',0,0,'2016-02-23 04:53:29','2016-02-23 04:53:29'),(48,20,'','admin.permission.update','保存编辑权限','操作',0,0,'2016-02-23 04:53:56','2016-02-23 04:53:56'),(49,20,'','admin.permission.destroy','删除权限','操作',0,0,'2016-02-23 04:54:27','2016-02-23 04:54:27'),(50,20,'','admin.permission.destory.all','批量删除权限','操作',0,0,'2016-02-23 04:55:17','2016-02-23 04:55:17'),(51,20,'','admin.role.index','角色管理','页面',0,0,'2016-02-23 04:56:07','2016-02-23 04:56:07'),(52,20,'','admin.role.create','新建角色','页面',0,0,'2016-02-23 04:56:33','2016-02-23 04:56:33'),(53,20,'','admin.role.store','保存新建角色','操作',0,0,'2016-02-23 04:57:26','2016-02-23 04:57:26'),(54,20,'','admin.role.edit','编辑角色','页面',0,0,'2016-02-23 04:58:25','2016-02-23 04:58:25'),(55,20,'','admin.role.update','保存编辑角色','操作',0,0,'2016-02-23 04:58:50','2016-02-23 04:58:50'),(56,20,'','admin.role.permissions','角色权限设置','',0,0,'2016-02-23 04:59:26','2016-02-23 04:59:26'),(57,20,'','admin.role.destroy','角色删除','操作',0,0,'2016-02-23 04:59:49','2016-02-23 04:59:49'),(58,20,'','admin.role.destory.all','批量删除角色','',0,0,'2016-02-23 05:01:58','2016-02-23 05:01:58'),(59,0,'user','#-1467615305','学生管理','',1,0,'2016-07-04 06:54:34','2016-07-04 06:55:05'),(60,59,'','admin.students.index','学生列表','',1,0,'2016-07-04 06:56:22','2016-07-04 06:56:22'),(61,59,'','admin.students.create','新建学生','',0,NULL,'2016-07-04 14:57:39','2016-07-04 14:57:42'),(62,59,'','admin.students.store','保存新建学生','',0,NULL,'2016-07-04 14:58:11','2016-07-04 14:58:13'),(63,59,'','admin.students.edit','编辑学生信息','',0,NULL,'2016-07-04 14:59:05','2016-07-04 14:59:07'),(64,59,'','admin.students.update','更新学生信息','',0,NULL,'2016-07-04 14:59:34','2016-07-04 14:59:36'),(65,59,'','admin.students.destroy','删除学生信息','',0,NULL,'2016-07-04 15:00:03','2016-07-04 15:00:04'),(66,59,'','admin.students.destroy.all','批量删除学生信息','',0,NULL,'2016-07-04 15:00:45','2016-07-04 15:00:46'),(67,36,'','admin.registers.create','新建报名学生','',0,0,'2016-07-18 13:02:32','2016-07-18 13:02:32'),(68,59,'','admin.registers.store','保存新建报名学生','',0,0,'2016-07-18 13:02:51','2016-07-18 13:02:51'),(69,36,'','admin.registers.edit','编辑报名学生','',0,0,'2016-07-18 13:03:19','2016-07-18 13:03:19'),(70,36,'','admin.registers.update','更新编辑报名学生','',0,0,'2016-07-18 13:03:52','2016-07-18 13:03:52'),(71,36,'','admin.registers.destroy','删除报名学生','',0,0,'2016-07-18 13:04:34','2016-07-18 13:04:34'),(72,36,'','admin.registers.destroyAll','批量删除','',0,0,'2016-07-18 13:04:46','2016-07-18 13:04:46'),(73,59,'','admin.students.import','批量导入','',0,0,'2016-07-18 13:05:11','2016-07-18 13:05:11'),(74,36,'','admin.registers.export','报名信息导出','',0,0,'2016-07-18 13:49:43','2016-07-18 13:49:43'),(75,59,'','admin.export.all','报名信息批量导出','',0,0,'2016-07-18 13:50:14','2016-07-18 13:50:14'),(76,36,'','admin.download','报名信息下载','',0,0,'2016-07-18 13:50:41','2016-07-18 13:50:41');

/*Table structure for table `jiyi_registers` */

DROP TABLE IF EXISTS `jiyi_registers`;

CREATE TABLE `jiyi_registers` (
  `id` int(10) unsigned NOT NULL AUTO_INCREMENT,
  `user_id` int(10) unsigned NOT NULL,
  `email` varchar(50) COLLATE utf8_unicode_ci NOT NULL,
  `province` varchar(255) COLLATE utf8_unicode_ci NOT NULL,
  `gender` varchar(255) COLLATE utf8_unicode_ci NOT NULL,
  `stature` varchar(5) COLLATE utf8_unicode_ci NOT NULL,
  `academy` varchar(30) COLLATE utf8_unicode_ci NOT NULL,
  `middleschool` varchar(30) COLLATE utf8_unicode_ci NOT NULL,
  `telphone` varchar(20) COLLATE utf8_unicode_ci NOT NULL,
  `postcode` varchar(10) COLLATE utf8_unicode_ci NOT NULL,
  `address` varchar(100) COLLATE utf8_unicode_ci NOT NULL,
  `family` text COLLATE utf8_unicode_ci NOT NULL,
  `reason` text COLLATE utf8_unicode_ci NOT NULL,
  `hobby` varchar(50) COLLATE utf8_unicode_ci NOT NULL,
  `reward` text COLLATE utf8_unicode_ci NOT NULL,
  `personal` varchar(100) COLLATE utf8_unicode_ci NOT NULL,
  `certificate` varchar(100) COLLATE utf8_unicode_ci NOT NULL,
  `state` tinyint(4) DEFAULT '0',
  `created_at` timestamp NULL DEFAULT NULL,
  `updated_at` timestamp NULL DEFAULT NULL,
  `deleted_at` timestamp NULL DEFAULT NULL,
  PRIMARY KEY (`id`)
) ENGINE=InnoDB AUTO_INCREMENT=4 DEFAULT CHARSET=utf8 COLLATE=utf8_unicode_ci;

/*Data for the table `jiyi_registers` */

insert  into `jiyi_registers`(`id`,`user_id`,`email`,`province`,`gender`,`stature`,`academy`,`middleschool`,`telphone`,`postcode`,`address`,`family`,`reason`,`hobby`,`reward`,`personal`,`certificate`,`state`,`created_at`,`updated_at`,`deleted_at`) values (1,1,'1234567@qq.com','110000','1','150','1100','sss','18020269202','215000','efefefe3','{\"name1\":\"1\",\"age1\":\"1\",\"relation1\":\"1\",\"work1\":\"1\",\"position1\":\"1\",\"healthy1\":\"1\",\"tel1\":\"1\",\"name2\":\"\",\"age2\":\"\",\"relation2\":\"\",\"work2\":\"\",\"position2\":\"\",\"healthy2\":\"\",\"tel2\":\"\",\"name3\":\"\",\"age3\":\"\",\"relation3\":\"\",\"work3\":\"\",\"position3\":\"\",\"healthy3\":\"\",\"tel3\":\"\",\"name4\":\"\",\"age4\":\"\",\"relation4\":\"\",\"work4\":\"\",\"position4\":\"\",\"healthy4\":\"\",\"tel4\":\"\"}','ege','ggdge','{\"name1\":\"1\",\"level1\":\"1\",\"time1\":\"1\",\"deparment1\":\"1\",\"name2\":\"\",\"level2\":\"\",\"time2\":\"\",\"deparment2\":\"\",\"name3\":\"\",\"level3\":\"\",\"time3\":\"\",\"deparment3\":\"\",\"name4\":\"\",\"level4\":\"\",\"time4\":\"\",\"deparment4\":\"\",\"name5\":\"\",\"level5\":\"\",\"time5\":\"\",\"deparment5\":\"\"}','uploads/student/15320102670301/personal-15320102670301.jpg','uploads/student/15320102670301/certificate-15320102670301.rar',0,'2016-07-18 02:34:07','2016-07-18 02:37:43','2016-07-18 02:37:43'),(2,1,'aaaa@aaa.com','110000','1','151','1000','aaaa','13915203258','332000','sdfasdfsad','{\"name1\":\"1\",\"age1\":\"1\",\"relation1\":\"1\",\"work1\":\"1\",\"position1\":\"1\",\"healthy1\":\"1\",\"tel1\":\"1\",\"name2\":\"\",\"age2\":\"\",\"relation2\":\"\",\"work2\":\"\",\"position2\":\"\",\"healthy2\":\"\",\"tel2\":\"\",\"name3\":\"\",\"age3\":\"\",\"relation3\":\"\",\"work3\":\"\",\"position3\":\"\",\"healthy3\":\"\",\"tel3\":\"\",\"name4\":\"\",\"age4\":\"\",\"relation4\":\"\",\"work4\":\"\",\"position4\":\"\",\"healthy4\":\"\",\"tel4\":\"\"}','11111','111','{\"name1\":\"1\",\"level1\":\"1\",\"time1\":\"1\",\"deparment1\":\"1\",\"name2\":\"\",\"level2\":\"\",\"time2\":\"\",\"deparment2\":\"\",\"name3\":\"\",\"level3\":\"\",\"time3\":\"\",\"deparment3\":\"\",\"name4\":\"\",\"level4\":\"\",\"time4\":\"\",\"deparment4\":\"\",\"name5\":\"\",\"level5\":\"\",\"time5\":\"\",\"deparment5\":\"\"}','uploads/student/15320102670301/personal-15320102670301.jpg','uploads/student/15320102670301/certificate-15320102670301.rar',0,'2016-07-18 02:44:20','2016-07-18 02:44:20',NULL),(3,10,'admin@admin.com','120000','1','151','1200','aaa','13912345678','332333','sdfasdfsa','{\"name1\":\"1\",\"age1\":\"1\",\"relation1\":\"1\",\"work1\":\"12\",\"position1\":\"1\",\"healthy1\":\"1\",\"tel1\":\"1\",\"name2\":\"\",\"age2\":\"\",\"relation2\":\"\",\"work2\":\"\",\"position2\":\"\",\"healthy2\":\"\",\"tel2\":\"\",\"name3\":\"\",\"age3\":\"\",\"relation3\":\"\",\"work3\":\"\",\"position3\":\"\",\"healthy3\":\"\",\"tel3\":\"\",\"name4\":\"\",\"age4\":\"\",\"relation4\":\"\",\"work4\":\"\",\"position4\":\"\",\"healthy4\":\"\",\"tel4\":\"\"}','11111','11111','{\"name1\":\"11\",\"level1\":\"1\",\"time1\":\"1\",\"deparment1\":\"1\",\"name2\":\"\",\"level2\":\"\",\"time2\":\"\",\"deparment2\":\"\",\"name3\":\"\",\"level3\":\"\",\"time3\":\"\",\"deparment3\":\"\",\"name4\":\"\",\"level4\":\"\",\"time4\":\"\",\"deparment4\":\"\",\"name5\":\"\",\"level5\":\"\",\"time5\":\"\",\"deparment5\":\"\"}','uploads/student/15320121680997/personal-15320121680997.gif','uploads/student/15320121680997/certificate-15320121680997.zip',0,'2016-07-18 06:58:53','2016-07-18 13:11:30',NULL);

/*Table structure for table `jiyi_role_user` */

DROP TABLE IF EXISTS `jiyi_role_user`;

CREATE TABLE `jiyi_role_user` (
  `user_id` int(10) unsigned NOT NULL,
  `role_id` int(10) unsigned NOT NULL,
  PRIMARY KEY (`user_id`,`role_id`),
  KEY `role_user_role_id_foreign` (`role_id`),
  CONSTRAINT `role_user_role_id_foreign` FOREIGN KEY (`role_id`) REFERENCES `jiyi_roles` (`id`) ON DELETE CASCADE ON UPDATE CASCADE,
  CONSTRAINT `role_user_user_id_foreign` FOREIGN KEY (`user_id`) REFERENCES `jiyi_admin_users` (`id`) ON DELETE CASCADE ON UPDATE CASCADE
) ENGINE=InnoDB DEFAULT CHARSET=utf8 COLLATE=utf8_unicode_ci;

/*Data for the table `jiyi_role_user` */

insert  into `jiyi_role_user`(`user_id`,`role_id`) values (1,1),(2,3);

/*Table structure for table `jiyi_roles` */

DROP TABLE IF EXISTS `jiyi_roles`;

CREATE TABLE `jiyi_roles` (
  `id` int(10) unsigned NOT NULL AUTO_INCREMENT,
  `name` varchar(255) COLLATE utf8_unicode_ci NOT NULL,
  `display_name` varchar(255) COLLATE utf8_unicode_ci DEFAULT NULL,
  `description` varchar(255) COLLATE utf8_unicode_ci DEFAULT NULL,
  `created_at` timestamp NULL DEFAULT NULL,
  `updated_at` timestamp NULL DEFAULT NULL,
  PRIMARY KEY (`id`),
  UNIQUE KEY `roles_name_unique` (`name`)
) ENGINE=InnoDB AUTO_INCREMENT=4 DEFAULT CHARSET=utf8 COLLATE=utf8_unicode_ci;

/*Data for the table `jiyi_roles` */

insert  into `jiyi_roles`(`id`,`name`,`display_name`,`description`,`created_at`,`updated_at`) values (1,'administrator','超级管理员','拥有所有的权限','2016-06-03 02:26:42','2016-06-15 08:23:10'),(2,'developer','开发RD','开发人员','2016-06-13 15:20:55','2016-06-15 07:42:49'),(3,'测试人员','测试人员','','2016-07-18 12:59:39','2016-07-18 12:59:39');

/*Table structure for table `jiyi_users` */

DROP TABLE IF EXISTS `jiyi_users`;

CREATE TABLE `jiyi_users` (
  `id` int(10) unsigned NOT NULL AUTO_INCREMENT,
  `student_id` varchar(50) COLLATE utf8_unicode_ci DEFAULT NULL,
  `name` varchar(255) COLLATE utf8_unicode_ci NOT NULL,
  `email` varchar(255) COLLATE utf8_unicode_ci NOT NULL,
  `idcard` varchar(30) COLLATE utf8_unicode_ci NOT NULL,
  `password` varchar(255) COLLATE utf8_unicode_ci NOT NULL,
  `userpic` varchar(255) COLLATE utf8_unicode_ci NOT NULL,
  `remember_token` varchar(100) COLLATE utf8_unicode_ci DEFAULT NULL,
  `created_at` timestamp NULL DEFAULT NULL,
  `updated_at` timestamp NULL DEFAULT NULL,
  PRIMARY KEY (`id`),
  UNIQUE KEY `users_email_unique` (`email`),
  UNIQUE KEY `users_student_id_unique` (`student_id`)
) ENGINE=InnoDB AUTO_INCREMENT=717 DEFAULT CHARSET=utf8 COLLATE=utf8_unicode_ci;

/*Data for the table `jiyi_users` */

insert  into `jiyi_users`(`id`,`student_id`,`name`,`email`,`idcard`,`password`,`userpic`,`remember_token`,`created_at`,`updated_at`) values (1,'15320102670301','徐雨萌','15320102670301@usts.edu.com','320483199710192122','a6bfdc7d666a745b0aaa9c7e6d76c00e','','PtaWgEPFWjE7wy2loahowfUBdgAEQcgonEEm0MsU5VoSh7Gb8LMjDrOpfja5','2016-07-18 02:29:03','2016-07-18 03:49:22'),(2,'15320106680319','王心仪','15320106680319@usts.edu.com','320106199706112848','58abffe068fc29ce24fd00fed1a85fcb','',NULL,'2016-07-18 02:29:03',NULL),(3,'15320106680325','毛嫣然','15320106680325@usts.edu.com','320106199703302021','f58f3d8c6b825ee1317fbcb51538862a','uploads/student/15320106680325/userpic-15320106680325.jpg',NULL,'2016-07-18 02:29:03','2016-07-18 07:54:56'),(4,'15320106680427','韦嘉睿','15320106680427@usts.edu.com','320105199702141610','3455f88ac731542b3bc7fc58f49bfb02','',NULL,'2016-07-18 02:29:03',NULL),(5,'15320112670125','蔡国雄','15320112670125@usts.edu.com','321283199609285033','f5b17f7b44a4778c01a1e91d6212c9de','',NULL,'2016-07-18 02:29:03',NULL),(6,'15320113680108','叶雯琦','15320113680108@usts.edu.com','32011319961124362X','cd9e63d138c90e0ae78d4ffa1aed0e5f','',NULL,'2016-07-18 02:29:03',NULL),(7,'15320113680157','李富强','15320113680157@usts.edu.com','321324199701045417','e47ce9bf314127eaa98ed3d740f41b22','',NULL,'2016-07-18 02:29:03',NULL),(8,'15320114680033','孙宇星','15320114680033@usts.edu.com','320106199612301664','36dc41fa2ed392978f5faf9fb5f1e86d','',NULL,'2016-07-18 02:29:03',NULL),(9,'15320121680263','杜雪莲','15320121680263@usts.edu.com','230223199511211627','06ce3be49d0e46f670344ba78cb756ae','',NULL,'2016-07-18 02:29:03',NULL),(10,'15320121680997','刘宇','15320121680997@usts.edu.com','320121199707104149','e10adc3949ba59abbe56e057f20f883e','uploads/student/15320121680997/userpic-15320121680997.gif','bBb5SxB8Doi8yR5mPfpnNiNvCZCVyvyd9aR0dIYZ4cLdvWakaVeKxdqicTbc','2016-07-18 02:29:03','2016-07-18 06:55:44'),(11,'15320125680019','陈悦勤','15320125680019@usts.edu.com','320125199702112022','b5d6bcf99db2067db38c519bd4d7d7d6','',NULL,'2016-07-18 02:29:03',NULL),(12,'15320125680225','刘雪晴','15320125680225@usts.edu.com','320125199701220021','5629b77e007dbec6d441c05018317882','',NULL,'2016-07-18 02:29:03',NULL),(13,'15320125680255','陈一扬','15320125680255@usts.edu.com','320125199707220014','27f24d025d385c8870ac111e223b131d','',NULL,'2016-07-18 02:29:03',NULL),(14,'15320202670232','陆子茗','15320202670232@usts.edu.com','320202199701091523','ed9e8254f2ee275dca3e0408ec090260','',NULL,'2016-07-18 02:29:03',NULL),(15,'15320202670236','盛婧叶','15320202670236@usts.edu.com','320211199704241925','1cdeba23850aef872dfad6bf6e82e5c2','',NULL,'2016-07-18 02:29:03',NULL),(16,'15320202680047','葛依灵','15320202680047@usts.edu.com','320211199602092826','3be4b051c1c24965d4ec204d838b174f','',NULL,'2016-07-18 02:29:03',NULL),(17,'15320202680095','徐叶晶','15320202680095@usts.edu.com','320621199511124129','b658a2d9347df2230d334a697c29b7e4','',NULL,'2016-07-18 02:29:03',NULL),(18,'15320202680140','吴梦雅','15320202680140@usts.edu.com','321102199607200020','45c71487ff86924181162789a413029e','',NULL,'2016-07-18 02:29:03',NULL),(19,'15320202680292','吴幸怡','15320202680292@usts.edu.com','320203199705201220','5a1349c6b3d8579e91bb5467001212dd','',NULL,'2016-07-18 02:29:03',NULL),(20,'15320202680544','张慧君','15320202680544@usts.edu.com','320203199708211221','9d1b585b8daf4d86a1da348a0ea4daf3','',NULL,'2016-07-18 02:29:03',NULL),(21,'15320202680650','邹雨秦','15320202680650@usts.edu.com','320203199612220027','7225aed795f0c22701fff49d5f4507b8','',NULL,'2016-07-18 02:29:03',NULL),(22,'15320202680672','郭倩雯','15320202680672@usts.edu.com','320204199704301322','b52891a6d4e37b6059a7dcde025bae6e','',NULL,'2016-07-18 02:29:03',NULL),(23,'15320202680682','沈妤晴','15320202680682@usts.edu.com','320202199611264523','e1a68c1c5c3c7081ff3feaa7958ee717','',NULL,'2016-07-18 02:29:03',NULL),(24,'15320202680977','潘朝凌','15320202680977@usts.edu.com','320211199708011027','76037ef2f2e794a7b2716980000f1aee','',NULL,'2016-07-18 02:29:03',NULL),(25,'15320202681244','虞乐雯','15320202681244@usts.edu.com','320204199708042049','c2c8158d9855b13500cdf2bd033664dc','',NULL,'2016-07-18 02:29:03',NULL),(26,'15320202681298','费思婧','15320202681298@usts.edu.com','320203199609151841','7c8b0bd8ec4c971f6145f966f45c9e91','',NULL,'2016-07-18 02:29:03',NULL),(27,'15320202681309','唐洁昀','15320202681309@usts.edu.com','320211199710290029','235142ec28e3e104960cd5ed44c7d12b','',NULL,'2016-07-18 02:29:03',NULL),(28,'15320202681320','杨超','15320202681320@usts.edu.com','140181199612091413','c471bdb196620db717ab6e63c9c634b9','',NULL,'2016-07-18 02:29:03',NULL),(29,'15320202681416','姚铖','15320202681416@usts.edu.com','320283199706026921','4143246c22851f42b8074641c12fc6e1','',NULL,'2016-07-18 02:29:03',NULL),(30,'15320202681420','吴敏','15320202681420@usts.edu.com','340823199701184445','861edc80883cf7e17d3ef1d0741c7a2e','',NULL,'2016-07-18 02:29:03',NULL),(31,'15320202681430','李缘','15320202681430@usts.edu.com','320202199705042024','aad7e5d464058d2847c93aef1ba5e4bf','',NULL,'2016-07-18 02:29:03',NULL),(32,'15320202681431','吕家琦','15320202681431@usts.edu.com','140723199611230038','7ca12992d7c68377163fd5272dd25a1c','',NULL,'2016-07-18 02:29:03',NULL),(33,'15320202681452','张炜琪','15320202681452@usts.edu.com','320211199609033415','fd294b124dbc9a4a39ef9b5cca2e35c9','',NULL,'2016-07-18 02:29:03',NULL),(34,'15320202681456','叶嘉剑','15320202681456@usts.edu.com','320283199702087591','057717fd99bc7edede32e961c3ead2bf','',NULL,'2016-07-18 02:29:03',NULL),(35,'15320205670009','陆文怡','15320205670009@usts.edu.com','320283199708130829','23e62cf7f949b8da220601a2216dc0a7','',NULL,'2016-07-18 02:29:03',NULL),(36,'15320205670198','朱真莹','15320205670198@usts.edu.com','320283199703291527','d0105f40f2fc1795577492e0a7901162','',NULL,'2016-07-18 02:29:03',NULL),(37,'15320205680058','王佳伟','15320205680058@usts.edu.com','32028319961213207X','2bcf4a115e2146cbfa4ed62a1467cace','',NULL,'2016-07-18 02:29:03',NULL),(38,'15320205680227','华悦','15320205680227@usts.edu.com','320283199704131381','8948014d1717ed587df06c1c68b73652','',NULL,'2016-07-18 02:29:03',NULL),(39,'15320205680250','诸涛程','15320205680250@usts.edu.com','32028319970717001X','d3fb494fd527429a891ab1827b1cedf4','',NULL,'2016-07-18 02:29:03',NULL),(40,'15320205680574','丁文薏','15320205680574@usts.edu.com','32028319961010186X','b4fcacb5cf10f32538a87489188e52c6','',NULL,'2016-07-18 02:29:03',NULL),(41,'15320205680583','章诗莲','15320205680583@usts.edu.com','32020519970718042X','d421fbb7d0bd46e12e82dfb52f12d62e','',NULL,'2016-07-18 02:29:03',NULL),(42,'15320206680157','华佳宁','15320206680157@usts.edu.com','320283199701253041','bcc8a97e7058d8d865c3a05114c59a74','',NULL,'2016-07-18 02:29:03',NULL),(43,'15320206680240','陈殷怡','15320206680240@usts.edu.com','320283199610271527','2f9bada0e651977d0894342e2eb0337a','',NULL,'2016-07-18 02:29:03',NULL),(44,'15320206680245','吴佳美','15320206680245@usts.edu.com','320283199612254827','a7c31ee1b8ad8e761d3cd4754b36d82c','',NULL,'2016-07-18 02:29:03',NULL),(45,'15320206680315','李恬静','15320206680315@usts.edu.com','320283199706093665','b95b92f219a07b114ef663ff9339fb7f','',NULL,'2016-07-18 02:29:03',NULL),(46,'15320206680456','林伊睿','15320206680456@usts.edu.com','320206199701230429','7190e3a60c4e90dde2c9630db06f5efb','',NULL,'2016-07-18 02:29:03',NULL),(47,'15320206680548','邹昱','15320206680548@usts.edu.com','32028319970103552X','ec0394947f5b9dba7313a96a1bd16adb','',NULL,'2016-07-18 02:29:03',NULL),(48,'15320207670020','安思全','15320207670020@usts.edu.com','320922199604049079','f9f2622d19f94693c01e5b3595088512','',NULL,'2016-07-18 02:29:03',NULL),(49,'15320207670036','高嘉曼','15320207670036@usts.edu.com','320211199701266027','dfcf87c203edc08fd28bf29475c7591f','',NULL,'2016-07-18 02:29:03',NULL),(50,'15320207670071','朱佳瑜','15320207670071@usts.edu.com','320203199708300347','27452e59317ddc6962ff5bb740fea200','',NULL,'2016-07-18 02:29:03',NULL),(51,'15320281670004','胡婧菁','15320281670004@usts.edu.com','320281199701170526','126f9697da02ebf6f49361fa5288a891','',NULL,'2016-07-18 02:29:03',NULL),(52,'15320281670087','殷熙岚','15320281670087@usts.edu.com','32028119970105156X','d0e4230b5b4f4f3880756e1b5ba65996','',NULL,'2016-07-18 02:29:03',NULL),(53,'15320281670093','王涵','15320281670093@usts.edu.com','320281199702212767','9995a8f4b33f14eb9982a8eea526226c','',NULL,'2016-07-18 02:29:03',NULL),(54,'15320281670098','李思语','15320281670098@usts.edu.com','232330199706282020','bc6dac252afde3651c82de520d1a624d','',NULL,'2016-07-18 02:29:03',NULL),(55,'15320281670099','邓文彦','15320281670099@usts.edu.com','320281199703132021','67a9240579625f9cec2a08198b58853e','',NULL,'2016-07-18 02:29:03',NULL),(56,'15320281670142','袁天瑜','15320281670142@usts.edu.com','320281199701137021','a69f0daf6f9e5517db444a6bbcdaeec6','',NULL,'2016-07-18 02:29:03',NULL),(57,'15320281670168','苏敏愉','15320281670168@usts.edu.com','320281199612196548','b99f9faf46e8276d91b09b99346bafed','',NULL,'2016-07-18 02:29:03',NULL),(58,'15320281670178','花姣','15320281670178@usts.edu.com','320281199701055763','de07fd71fccde5dd86b361fabb21d182','',NULL,'2016-07-18 02:29:03',NULL),(59,'15320281670243','季雨婷','15320281670243@usts.edu.com','320281199609249020','206f12bab75eb71abfd3116ca87dbc8d','',NULL,'2016-07-18 02:29:03',NULL),(60,'15320281670442','徐君杰','15320281670442@usts.edu.com','320281199706074277','2d7281f78f27d9120770e232b04818a2','',NULL,'2016-07-18 02:29:03',NULL),(61,'15320281680048','韩敏','15320281680048@usts.edu.com','320281199707211528','9ed2416259ad4064ed05e31849ac2137','',NULL,'2016-07-18 02:29:03',NULL),(62,'15320281680058','刘轶','15320281680058@usts.edu.com','320281199708107263','5ce8c5b528350f555b13775e19021dce','',NULL,'2016-07-18 02:29:03',NULL),(63,'15320281680067','蔡雯琦','15320281680067@usts.edu.com','320281199708301760','d69a1f74500574d627401fc6d87fb38b','',NULL,'2016-07-18 02:29:03',NULL),(64,'15320281680072','於含妍','15320281680072@usts.edu.com','320281199701171027','da58f203a743c74fcd08fec5f246000e','',NULL,'2016-07-18 02:29:03',NULL),(65,'15320281680221','汪泓昊','15320281680221@usts.edu.com','320281199612188011','41fb9056f7fabd6cbba819e2792116bc','',NULL,'2016-07-18 02:29:03',NULL),(66,'15320281680316','栾林玉','15320281680316@usts.edu.com','320281199612300026','d9e19e101d323178f32717fceb7a889d','',NULL,'2016-07-18 02:29:03',NULL),(67,'15320281680358','刘香芸','15320281680358@usts.edu.com','320281199708283021','cad378154f67284dd9e9f37e80dd90db','',NULL,'2016-07-18 02:29:03',NULL),(68,'15320281680404','吴涛','15320281680404@usts.edu.com','320281199608043274','51b163d0fd09e4088e3c67cce8e76e31','',NULL,'2016-07-18 02:29:03',NULL),(69,'15320281680419','张婧','15320281680419@usts.edu.com','320281199608168528','a6d1c8988d63f41fe4079273b33e48e2','',NULL,'2016-07-18 02:29:03',NULL),(70,'15320281680434','华丹梅','15320281680434@usts.edu.com','320281199612165522','d2c03d300b3829c05a823b253ac7933f','',NULL,'2016-07-18 02:29:03',NULL),(71,'15320281680605','陆明洁','15320281680605@usts.edu.com','320281199709151549','99745d33e8db01ba37ad2eae5b87ff8b','',NULL,'2016-07-18 02:29:03',NULL),(72,'15320281680762','顾叶','15320281680762@usts.edu.com','320281199610302263','210aa76b29b50714168db22ede46f022','',NULL,'2016-07-18 02:29:03',NULL),(73,'15320281680864','石宇静','15320281680864@usts.edu.com','320281199706172520','3fa07bc0c8f0cc1bde400912bbd31146','',NULL,'2016-07-18 02:29:03',NULL),(74,'15320281680904','周洋','15320281680904@usts.edu.com','320281199705276547','85445cf6fe36839047dfd360dd775f18','',NULL,'2016-07-18 02:29:03',NULL),(75,'15320281680906','蒋效愚','15320281680906@usts.edu.com','320281199707097526','47ed6b423968e0db705e543ef15e102a','',NULL,'2016-07-18 02:29:03',NULL),(76,'15320281680931','姚展','15320281680931@usts.edu.com','320281199708049024','bd4f4d1ef7597dd9897c2d95ff4a0b64','',NULL,'2016-07-18 02:29:03',NULL),(77,'15320281681001','陶雨冰','15320281681001@usts.edu.com','320281199705134768','d4f692e86a6cc5ac821c947b78cdf7bf','',NULL,'2016-07-18 02:29:03',NULL),(78,'15320281681033','朱天奇','15320281681033@usts.edu.com','320281199708064777','215e2be7fb35f23fd0bb2d5ff35f787e','',NULL,'2016-07-18 02:29:03',NULL),(79,'15320281681052','陶星宇','15320281681052@usts.edu.com','320281199611298518','79cf4f94bc44182d3b78c7ac87ccd5f1','',NULL,'2016-07-18 02:29:03',NULL),(80,'15320281681055','孙君君','15320281681055@usts.edu.com','320281199704239023','3ce7dc29a25fbbcda98d7e9050f65e89','',NULL,'2016-07-18 02:29:03',NULL),(81,'15320281681200','黄瑜恬','15320281681200@usts.edu.com','32028119970621652X','4fe1caff3860886ce17c13ff3aefb06f','',NULL,'2016-07-18 02:29:03',NULL),(82,'15320282680011','赵妍妍','15320282680011@usts.edu.com','320282199607220220','fb58c5b07e2807f492a856ae84a30bb4','',NULL,'2016-07-18 02:29:03',NULL),(83,'15320282680021','单苏皖','15320282680021@usts.edu.com','320282199708093128','7bbb323d9fa52fdfe353539ff5ff52dc','',NULL,'2016-07-18 02:29:03',NULL),(84,'15320282680245','张梦旭','15320282680245@usts.edu.com','320282199610244426','bc168f3ab84a5b91fbc8e53c2d9ba5b6','',NULL,'2016-07-18 02:29:03',NULL),(85,'15320282680333','李有君','15320282680333@usts.edu.com','320282199709238421','2b6b54a2a9baa8b22499817d229746a1','',NULL,'2016-07-18 02:29:03',NULL),(86,'15320282680525','江涵雨','15320282680525@usts.edu.com','320282199708157662','2886a148abd6120503f111ffa49f0f75','',NULL,'2016-07-18 02:29:03',NULL),(87,'15320282680636','朱晓玲','15320282680636@usts.edu.com','320282199611197844','4a19132adab0922cb3a728fa2488b195','',NULL,'2016-07-18 02:29:03',NULL),(88,'15320282680704','蒋昌健','15320282680704@usts.edu.com','320282199611077973','30a72b492a713dd5850a41152b08186a','',NULL,'2016-07-18 02:29:03',NULL),(89,'15320282680769','周秋佩','15320282680769@usts.edu.com','320223199609267225','58ca3d19c06939e2c137d63890c3014a','',NULL,'2016-07-18 02:29:03',NULL),(90,'15320282680969','王一','15320282680969@usts.edu.com','320282199707300228','5b54c0f08023c0f7307ca0638ed1d480','',NULL,'2016-07-18 02:29:03',NULL),(91,'15320282680992','吴奕宸','15320282680992@usts.edu.com','32028219970105357X','9c1375b7fb6697a26f26922e09fc7598','',NULL,'2016-07-18 02:29:03',NULL),(92,'15320301670233','聂家麟','15320301670233@usts.edu.com','320311199608225218','5f0c8b33ff3fff1d0d0f2a6337b43798','',NULL,'2016-07-18 02:29:03',NULL),(93,'15320301670626','姚夏晴','15320301670626@usts.edu.com','320323199606157923','af2a6147ba60eff08d7a05162e5a6586','',NULL,'2016-07-18 02:29:03',NULL),(94,'15320301680146','王楚言','15320301680146@usts.edu.com','320301199704200026','9365ec6f773ac0fc7d2073d4800c73fc','',NULL,'2016-07-18 02:29:03',NULL),(95,'15320301681384','倪洁晨','15320301681384@usts.edu.com','320311199707066427','7bf4afdeed81bd52a735565ad1c6eda6','',NULL,'2016-07-18 02:29:03',NULL),(96,'15320305680312','张敏','15320305680312@usts.edu.com','32030519961027242X','5039fb05587e9a29132fa4ffb28be894','',NULL,'2016-07-18 02:29:03',NULL),(97,'15320305680322','薛艳红','15320305680322@usts.edu.com','320305199707240045','5195c1767f5e3af885f152b39b8a5ad6','',NULL,'2016-07-18 02:29:03',NULL),(98,'15320321680011','李梦','15320321680011@usts.edu.com','320321199410111621','4d99b02eb0174b86defeea30ed2aa0d6','',NULL,'2016-07-18 02:29:03',NULL),(99,'15320321680024','李天柔','15320321680024@usts.edu.com','32032119950608164X','a0a693a7b13ec1eaa9c844c974288c67','',NULL,'2016-07-18 02:29:03',NULL),(100,'15320322680123','王珍','15320322680123@usts.edu.com','320322199511283429','94ea951c054c4f427f0a24b6e402ec4d','',NULL,'2016-07-18 02:29:03',NULL),(101,'15320322680144','许雅倩','15320322680144@usts.edu.com','320322199908316823','c5b517337a7ce305ce6668b8b37c3d7c','',NULL,'2016-07-18 02:29:03',NULL),(102,'15320322680807','刘杨珍','15320322680807@usts.edu.com','320322199408180827','2a3001c3633b1d914b15d430322acdec','',NULL,'2016-07-18 02:29:03',NULL),(103,'15320323680400','王笑笑','15320323680400@usts.edu.com','320323199706302446','04cb50d05b558ab5d013021e380cb7e3','',NULL,'2016-07-18 02:29:03',NULL),(104,'15320324670038','王蒙蒙','15320324670038@usts.edu.com','320324199606166228','de6365cc41ae2525621875131c15c798','',NULL,'2016-07-18 02:29:03',NULL),(105,'15320324680164','朱迪','15320324680164@usts.edu.com','320324199606161160','2f6e0c9160af4e3528a57d334a767b2b','',NULL,'2016-07-18 02:29:03',NULL),(106,'15320381680254','余晓','15320381680254@usts.edu.com','320381199803304922','dd91fb50b0b066ca961e6b5ff6581bc9','',NULL,'2016-07-18 02:29:03',NULL),(107,'15320381680256','张涵','15320381680256@usts.edu.com','320381199711260627','f0524045cf3a9cb324214976c904209a','',NULL,'2016-07-18 02:29:03',NULL),(108,'15320382680070','陆芷帆','15320382680070@usts.edu.com','320382199608240042','febfec4b6092d01a3957a6367b12a64a','',NULL,'2016-07-18 02:29:03',NULL),(109,'15320382680326','刘姿','15320382680326@usts.edu.com','320382199601045025','304d69a0b70adfc687ad9339d1101fea','',NULL,'2016-07-18 02:29:03',NULL),(110,'15320382680485','姜秀春','15320382680485@usts.edu.com','320382199703017017','ec13964ccdf305720a3be0700592bb3b','',NULL,'2016-07-18 02:29:03',NULL),(111,'15320401670016','刘研','15320401670016@usts.edu.com','320483199606235428','1d5b2f9944631128ca0ff72843c5e250','',NULL,'2016-07-18 02:29:03',NULL),(112,'15320401670099','张婷','15320401670099@usts.edu.com','321023199702041247','25a90bddfef2c31445ee64e18630aa2e','',NULL,'2016-07-18 02:29:03',NULL),(113,'15320401670154','王静','15320401670154@usts.edu.com','32088219960409628X','cf8306da6f60bc052b2b41ea7eac6a12','',NULL,'2016-07-18 02:29:03',NULL),(114,'15320401680050','宋庆慧','15320401680050@usts.edu.com','320219199707041049','6b58a95ccd02552900d64df467546320','',NULL,'2016-07-18 02:29:03',NULL),(115,'15320401680072','戚慧虹','15320401680072@usts.edu.com','320402199612192243','7fe62e20b982da1c82bd8906b1580066','',NULL,'2016-07-18 02:29:03',NULL),(116,'15320401680114','赵薛莹','15320401680114@usts.edu.com','342626199612302083','de9b86ed6bacab0a0c05179417bf4c17','',NULL,'2016-07-18 02:29:03',NULL),(117,'15320401680276','谢睿','15320401680276@usts.edu.com','32048319961205771X','7e022d85c345a82958cbe698b292ffa6','',NULL,'2016-07-18 02:29:03',NULL),(118,'15320401680310','王汝鑫','15320401680310@usts.edu.com','320402199705034017','7f45131f743608c43aef19a16c4878e4','',NULL,'2016-07-18 02:29:03',NULL),(119,'15320401680316','李垚','15320401680316@usts.edu.com','320402199611093411','f144e6b01aaeb0ab6953187a8ac81724','',NULL,'2016-07-18 02:29:03',NULL),(120,'15320401680384','金孺叶','15320401680384@usts.edu.com','320404199703052820','88c1f6662e41c43baecbbf234edd9073','',NULL,'2016-07-18 02:29:03',NULL),(121,'15320401680388','巢醒','15320401680388@usts.edu.com','320483199701018827','b059d795d2a764cc398429aee4f52920','',NULL,'2016-07-18 02:29:03',NULL),(122,'15320401680403','赵闯','15320401680403@usts.edu.com','320826199708204213','4eeb61117af678495994ba3c324249ef','',NULL,'2016-07-18 02:29:03',NULL),(123,'15320401680415','张燕茹','15320401680415@usts.edu.com','320404199707293824','d18dcd0be6941337868dfcd23f756d8f','',NULL,'2016-07-18 02:29:03',NULL),(124,'15320401680442','陶晨静','15320401680442@usts.edu.com','320401199703043423','12c873cd4edb63e725a2f14ec5ad2b1b','',NULL,'2016-07-18 02:29:03',NULL),(125,'15320401680462','潘鹏','15320401680462@usts.edu.com','320402199704013118','69690bbaadfb0465c766630a0b26c21c','',NULL,'2016-07-18 02:29:03',NULL),(126,'15320401680586','吴雪纯','15320401680586@usts.edu.com','320404199705153422','6e0486db72f6bf5c10206bb7b703e4c3','',NULL,'2016-07-18 02:29:03',NULL),(127,'15320401680647','包倩','15320401680647@usts.edu.com','341125199707250920','738cccd91beac915d5c6f0add9d303f4','',NULL,'2016-07-18 02:29:03',NULL),(128,'15320401680651','陈佩依','15320401680651@usts.edu.com','320404199710253460','1ad1b0ea121ab6db1039023288d07f7b','',NULL,'2016-07-18 02:29:03',NULL),(129,'15320401680679','钱琳裕','15320401680679@usts.edu.com','320404199709163441','5bc0304fc820ccf340c3b6cb0380fb63','',NULL,'2016-07-18 02:29:03',NULL),(130,'15320401680689','许云','15320401680689@usts.edu.com','320411199711042220','f691a6bf0c65fe822d7ca51e91d596c2','',NULL,'2016-07-18 02:29:03',NULL),(131,'15320401680718','潘秋茜','15320401680718@usts.edu.com','320402199608223422','c532279a726c80060c9d03c4ca572553','',NULL,'2016-07-18 02:29:03',NULL),(132,'15320401680732','杨梦媛','15320401680732@usts.edu.com','32040219970525372X','d2339a8c7c755089673b976f1ce3eec9','',NULL,'2016-07-18 02:29:03',NULL),(133,'15320401680775','张倩','15320401680775@usts.edu.com','320401199706103129','aaf3585b37c1025b6dac161e754f234b','',NULL,'2016-07-18 02:29:03',NULL),(134,'15320401680834','张沁园','15320401680834@usts.edu.com','320402199609252225','976c9d8a59ba5812ed1e365efdb35f64','',NULL,'2016-07-18 02:29:03',NULL),(135,'15320401680862','刘英','15320401680862@usts.edu.com','370826199605160827','e863e622ec2eabf5b2e2402edd8bbace','',NULL,'2016-07-18 02:29:03',NULL),(136,'15320401680866','穆菁雯','15320401680866@usts.edu.com','320405199704242526','b638e05d235ee412f54b5baec07d9cfc','',NULL,'2016-07-18 02:29:03',NULL),(137,'15320401680908','苏馨','15320401680908@usts.edu.com','320404199611303821','2aeaaf018793fb30db8c735411adc4f6','',NULL,'2016-07-18 02:29:03',NULL),(138,'15320401680985','黄歌星','15320401680985@usts.edu.com','320483199611088821','d6d852a1c7adc1cc83227b94f1acb5d6','',NULL,'2016-07-18 02:29:03',NULL),(139,'15320401681029','黄欣怡','15320401681029@usts.edu.com','320401199708233429','244570f966b3146fc3befba964168946','',NULL,'2016-07-18 02:29:03',NULL),(140,'15320401681036','余先杭','15320401681036@usts.edu.com','342423199603236977','181a0a71bcd0c381a4cd10a7a729f43c','',NULL,'2016-07-18 02:29:03',NULL),(141,'15320401681054','江孟杰','15320401681054@usts.edu.com','342422199610032589','321d84d5cfe4e0b1c43cef3202d2ce59','',NULL,'2016-07-18 02:29:03',NULL),(142,'15320401681304','姚程玉','15320401681304@usts.edu.com','610302199708170528','994ae62e555b4ad66dffa764a332c9cc','',NULL,'2016-07-18 02:29:03',NULL),(143,'15320481670168','郑茜','15320481670168@usts.edu.com','320481199609272248','16c99f3997dbe7877bb0ce3543dcd184','',NULL,'2016-07-18 02:29:03',NULL),(144,'15320481680008','朱颖','15320481680008@usts.edu.com','320481199509294829','1619c6f1a36fea0c9481b02f70ecdee4','',NULL,'2016-07-18 02:29:03',NULL),(145,'15320481680081','冯俐丽','15320481680081@usts.edu.com','320481199701303465','3cd6622f041713dd1661c3eef57c5319','',NULL,'2016-07-18 02:29:03',NULL),(146,'15320481680222','董文艳','15320481680222@usts.edu.com','320481199611253628','cc04722333eebf2306634ddf244fa464','',NULL,'2016-07-18 02:29:03',NULL),(147,'15320481680226','卢颖韬','15320481680226@usts.edu.com','320481199708110041','68c9e3c7ff733ad420a705b83bf7156d','',NULL,'2016-07-18 02:29:03',NULL),(148,'15320481680356','徐迪','15320481680356@usts.edu.com','320481199610191023','97f03f65c07669d7f88b5342db8c4a1d','',NULL,'2016-07-18 02:29:03',NULL),(149,'15320481680358','戴璐','15320481680358@usts.edu.com','320481199611274621','0fcaf030d5c5328d753e21628ed5d469','',NULL,'2016-07-18 02:29:03',NULL),(150,'15320481680376','朱燕秋','15320481680376@usts.edu.com','320481199706136221','cd6b8de3b11081cf7f3333da9b774a29','',NULL,'2016-07-18 02:29:03',NULL),(151,'15320481680407','汪艳','15320481680407@usts.edu.com','612427199711230629','2335e9829029c528c412d39d82b7c9af','',NULL,'2016-07-18 02:29:03',NULL),(152,'15320481680425','王瑶','15320481680425@usts.edu.com','320481199610167621','1c75bd502bc639a9ed70a4651114bc79','',NULL,'2016-07-18 02:29:03',NULL),(153,'15320481680593','汪靖皓','15320481680593@usts.edu.com','320481199710185456','a99350a0ffbee9e088388bf709a23fbe','',NULL,'2016-07-18 02:29:03',NULL),(154,'15320481680611','周闯','15320481680611@usts.edu.com','320481199610203020','f4d67082787a8f8444903ddc51e0fda0','',NULL,'2016-07-18 02:29:03',NULL),(155,'15320481680612','石玉','15320481680612@usts.edu.com','320481199801046240','e0efa7da7efd59489e1cc62d062d8992','',NULL,'2016-07-18 02:29:03',NULL),(156,'15320481680704','姜柯','15320481680704@usts.edu.com','320481199708167849','d99bc30e41e3715a27a1d28b48be7b65','',NULL,'2016-07-18 02:29:03',NULL),(157,'15320481680876','李燕','15320481680876@usts.edu.com','320481199607257626','008c272043452210900dca80a39fbc05','',NULL,'2016-07-18 02:29:03',NULL),(158,'15320481681002','强钰婷','15320481681002@usts.edu.com','320481199608294023','9dd53c415ac09848aa280322518565bc','',NULL,'2016-07-18 02:29:03',NULL),(159,'15320482670032','余苏超','15320482670032@usts.edu.com','320482199707210610','4c49e87020b5e0abac009cc6e37bb1cd','',NULL,'2016-07-18 02:29:03',NULL),(160,'15320482670051','周米','15320482670051@usts.edu.com','32048219970723230X','bf114f1c302f5baea8489e62781b481d','',NULL,'2016-07-18 02:29:03',NULL),(161,'15320482670143','周蓉','15320482670143@usts.edu.com','320482199709252806','a67ff8d4ff9b2b14fba0337e81fbd022','',NULL,'2016-07-18 02:29:03',NULL),(162,'15320482680005','葛一','15320482680005@usts.edu.com','320482199602097332','1b6738956cbfd616ecf2da95c368f904','',NULL,'2016-07-18 02:29:03',NULL),(163,'15320482680047','韩安澜','15320482680047@usts.edu.com','320482199705120128','0465c17bbacbec64f891e970426f3d97','',NULL,'2016-07-18 02:29:03',NULL),(164,'15320482680081','胡子婷','15320482680081@usts.edu.com','36010219971227284X','ee64ebb427819fb5aac549754c1f997b','',NULL,'2016-07-18 02:29:03',NULL),(165,'15320482680122','张端端','15320482680122@usts.edu.com','341623199510132626','7e596cfcc774dcd6531f602ed0e80287','',NULL,'2016-07-18 02:29:03',NULL),(166,'15320482680123','张鑫','15320482680123@usts.edu.com','320928199611115343','660b5ccb994d8ffc853a5b2edbb677a3','',NULL,'2016-07-18 02:29:03',NULL),(167,'15320482680140','曹怡','15320482680140@usts.edu.com','320482199706240105','0d42b28c1aaca1c639b33f54c7a6b44e','',NULL,'2016-07-18 02:29:03',NULL),(168,'15320482680145','谢婷','15320482680145@usts.edu.com','320482199702103605','6dafeea41c21de4d64e64c5fc8b535fd','',NULL,'2016-07-18 02:29:03',NULL),(169,'15320482680264','史妤琦','15320482680264@usts.edu.com','320482199705181107','fb8094f9f8a3fe2feec18ce37848fde7','',NULL,'2016-07-18 02:29:03',NULL),(170,'15320482680350','何杰华','15320482680350@usts.edu.com','320482199702060502','80813fae81b46c14fbc29a5dbc2a4242','',NULL,'2016-07-18 02:29:03',NULL),(171,'15320482680421','潘菲','15320482680421@usts.edu.com','32048219970627580X','acf19c832822190f42552d3eb45ff69c','',NULL,'2016-07-18 02:29:03',NULL),(172,'15320482680627','王婷','15320482680627@usts.edu.com','320482199704093308','4c2800fbf77e30110de1b01569ed0ae6','',NULL,'2016-07-18 02:29:03',NULL),(173,'15320483680048','丁黎明','15320483680048@usts.edu.com','341621199510064915','111e023cbdb5efd031b38f8cd176d15f','',NULL,'2016-07-18 02:29:03',NULL),(174,'15320483680078','黄磊','15320483680078@usts.edu.com','320483199603074411','e365fccadef797bde32d1257d94858f1','',NULL,'2016-07-18 02:29:03',NULL),(175,'15320483680200','尹逸豪','15320483680200@usts.edu.com','320483199611300917','e6f9716b5f67501f9f213c2d4358b511','',NULL,'2016-07-18 02:29:03',NULL),(176,'15320483680201','孙逸','15320483680201@usts.edu.com','320483199711298818','995bfbeaf4cfa762cd520b0d8bf38c32','',NULL,'2016-07-18 02:29:03',NULL),(177,'15320483680329','戴颖','15320483680329@usts.edu.com','320483199609252928','ed836719b6fb2534e73ed1dfb87e7531','',NULL,'2016-07-18 02:29:03',NULL),(178,'15320483680612','陈莹','15320483680612@usts.edu.com','320483199611130946','f6a8c4b5c2785bdc84e92987472e051d','',NULL,'2016-07-18 02:29:03',NULL),(179,'15320483680641','蒋琳','15320483680641@usts.edu.com','320483199707294929','ac6f681babba1e9881456dbe26eb09ad','',NULL,'2016-07-18 02:29:03',NULL),(180,'15320483680649','林莉','15320483680649@usts.edu.com','320483199610260925','d713db2dd9f8847ae029ce0b92b6d653','',NULL,'2016-07-18 02:29:03',NULL),(181,'15320483680913','喻双','15320483680913@usts.edu.com','320483199710220429','76c5fc54ce28248fc9962b61fce4b3c6','',NULL,'2016-07-18 02:29:03',NULL),(182,'15320483680963','刘畅','15320483680963@usts.edu.com','320483199703115225','b87fcd88a1ac90b80dd1c0479dc0ed0d','',NULL,'2016-07-18 02:29:03',NULL),(183,'15320483680975','尹晨怡','15320483680975@usts.edu.com','320483199704302727','84f4ee61078788e61e90b14fb0704537','',NULL,'2016-07-18 02:29:03',NULL),(184,'15320483681007','刘艳','15320483681007@usts.edu.com','320483199703065723','e0365e45d7492a31f429b0623823b9af','',NULL,'2016-07-18 02:29:03',NULL),(185,'15320483681013','江桦','15320483681013@usts.edu.com','320483199708143823','c3124da0913a8240baa7719177be133f','',NULL,'2016-07-18 02:29:03',NULL),(186,'15320483681044','郑港','15320483681044@usts.edu.com','320483199707180518','3135df8426bfbec34891602d5fcdf0ac','',NULL,'2016-07-18 02:29:03',NULL),(187,'15320483681057','李蕊','15320483681057@usts.edu.com','341225199703054645','bb0e4c31226735ac38addbaeb44506c7','',NULL,'2016-07-18 02:29:03',NULL),(188,'15320483681087','方宸','15320483681087@usts.edu.com','320483199611185226','94b327684d84eb49761b96f38eef1f79','',NULL,'2016-07-18 02:29:03',NULL),(189,'15320483681679','黄嫣然','15320483681679@usts.edu.com','320483199703210425','dc6748e38350bf5e16b5f4546824a6e6','',NULL,'2016-07-18 02:29:03',NULL),(190,'15320483681863','陆荣静','15320483681863@usts.edu.com','320723199507124829','f21778be97b80e0f2f683598d13cc393','',NULL,'2016-07-18 02:29:03',NULL),(191,'15320483681882','徐妍琪','15320483681882@usts.edu.com','430822199708183803','b9f6e2daba19a262756fab860548d15b','',NULL,'2016-07-18 02:29:03',NULL),(192,'15320483681973','李欣翊','15320483681973@usts.edu.com','32048319961116744X','719dc9a4bc41127002afa31845459284','',NULL,'2016-07-18 02:29:03',NULL),(193,'15320483681974','谢赛锦','15320483681974@usts.edu.com','320483199710013323','8a794fc1632ac100c8062871c0dfc78a','',NULL,'2016-07-18 02:29:03',NULL),(194,'15320483682101','徐钰','15320483682101@usts.edu.com','320483199704224220','4779ca1a64e733cdc198c5ca1f839aab','',NULL,'2016-07-18 02:29:03',NULL),(195,'15320483682174','邵虹霖','15320483682174@usts.edu.com','321181199609113524','23eb435d1036ac3426570705a729a245','',NULL,'2016-07-18 02:29:03',NULL),(196,'15320483682291','张舒贤','15320483682291@usts.edu.com','320404199709222827','79dbaa0254f6447cd90592d3109cfe74','',NULL,'2016-07-18 02:29:03',NULL),(197,'15320501670081','张云昊','15320501670081@usts.edu.com','320504199704013765','309c339080388113c90a3b6bf1384e24','',NULL,'2016-07-18 02:29:03',NULL),(198,'15320501670092','夏赵一铣','15320501670092@usts.edu.com','320504199702282013','6d988e382f0933b55f1489f380af8bd5','',NULL,'2016-07-18 02:29:03',NULL),(199,'15320501670511','董昕怡','15320501670511@usts.edu.com','320503199705040021','cdc32a75902f0dda820b720f6daee006','',NULL,'2016-07-18 02:29:03',NULL),(200,'15320501670512','夏珺瑜','15320501670512@usts.edu.com','320501199705175265','43a74253af4d02d5be3ea23c1dc26b45','',NULL,'2016-07-18 02:29:03',NULL),(201,'15320501670557','张莉玲','15320501670557@usts.edu.com','320501199610165021','2f6cb724c15f6bc261a144168fd28f04','',NULL,'2016-07-18 02:29:03',NULL),(202,'15320501670584','徐家浩','15320501670584@usts.edu.com','320922199607136119','c7078ea816b9449eaecf8d5919b20d29','',NULL,'2016-07-18 02:29:03',NULL),(203,'15320501670614','王喻成','15320501670614@usts.edu.com','320524199610127011','e588893c31b50ba01041a8a164823580','',NULL,'2016-07-18 02:29:03',NULL),(204,'15320501670663','王周渭','15320501670663@usts.edu.com','320502199707230519','765a6cf463a3e5b67246480e4797274e','',NULL,'2016-07-18 02:29:03',NULL),(205,'15320501670674','朱宇翔','15320501670674@usts.edu.com','320503199610112520','2e02473189df6b80e129e8f5f8afda1f','',NULL,'2016-07-18 02:29:03',NULL),(206,'15320501670718','朱靖元','15320501670718@usts.edu.com','320501199706281510','091e2c99c01b01d27e6ca0af0e6c934f','',NULL,'2016-07-18 02:29:03',NULL),(207,'15320501670730','陆嘉琪','15320501670730@usts.edu.com','320501199706151767','a3cd74570baf0f9621050af7f13f9a2a','',NULL,'2016-07-18 02:29:03',NULL),(208,'15320501670735','龚小霞','15320501670735@usts.edu.com','429001199701273129','bf1e5772981355fece188bb45f83a6af','',NULL,'2016-07-18 02:29:03',NULL),(209,'15320501670737','沈赏悦','15320501670737@usts.edu.com','32050719970112002X','7a66bbfab673b17c8430d274245620ab','',NULL,'2016-07-18 02:29:03',NULL),(210,'15320501671044','丁逸菲','15320501671044@usts.edu.com','320525199707270267','081551fff61338dc9d8dc0432524ae19','',NULL,'2016-07-18 02:29:03',NULL),(211,'15320501680021','潘纯','15320501680021@usts.edu.com','320511199611010024','b5ef7eb03bf22d8b070e5de7d2f4c16e','',NULL,'2016-07-18 02:29:03',NULL),(212,'15320501680052','章青韵','15320501680052@usts.edu.com','320504199610133029','f581f90dabbe805f47ea423fdfa8e44e','',NULL,'2016-07-18 02:29:03',NULL),(213,'15320501680066','后星宇','15320501680066@usts.edu.com','320503199709011025','a61e562f82e24980530d2f2c6872bd7a','',NULL,'2016-07-18 02:29:03',NULL),(214,'15320501680068','陆旖旎','15320501680068@usts.edu.com','32058619961231272X','b865818f2a0bc3895500ed761c8b8e8a','',NULL,'2016-07-18 02:29:03',NULL),(215,'15320501680072','石嘉琳','15320501680072@usts.edu.com','320503199703202525','f6d966bab8d2f39d4e03de04e696a05d','',NULL,'2016-07-18 02:29:03',NULL),(216,'15320501680080','杨竹铭','15320501680080@usts.edu.com','320503199706090266','7e3fabfdf14474491014ca180f421ad3','',NULL,'2016-07-18 02:29:03',NULL),(217,'15320501680137','徐荔','15320501680137@usts.edu.com','320586199704018421','a419793c811d2ed1ce819d59aad16953','',NULL,'2016-07-18 02:29:03',NULL),(218,'15320501680161','赵晨霞','15320501680161@usts.edu.com','32058619961023422X','1ad312cd8f25b48ae03451f0e6c9816c','',NULL,'2016-07-18 02:29:03',NULL),(219,'15320501680168','唐荣','15320501680168@usts.edu.com','511323199701044173','f94323ea366d588595f960c8822c2a57','',NULL,'2016-07-18 02:29:03',NULL),(220,'15320501680179','张悦','15320501680179@usts.edu.com','342623199605105525','219cd33af32d4e24f021072eda5fa7b2','',NULL,'2016-07-18 02:29:03',NULL),(221,'15320501680194','龚艳婷','15320501680194@usts.edu.com','320504199708252026','16b35f52993847a7ec78a7de07a1d395','',NULL,'2016-07-18 02:29:03',NULL),(222,'15320501680202','吴鼎','15320501680202@usts.edu.com','32072319970319041X','87390bc133243948760f99c15c32f4d2','',NULL,'2016-07-18 02:29:03',NULL),(223,'15320501680207','谈秋仪','15320501680207@usts.edu.com','320511199609221228','1cd6ef988cb0f6029d9fac6b285a9656','',NULL,'2016-07-18 02:29:03',NULL),(224,'15320501680493','金诗尧','15320501680493@usts.edu.com','320911199708041929','d8f9790a4644e4417c45908505ddb906','',NULL,'2016-07-18 02:29:03',NULL),(225,'15320501680494','刘凌雁','15320501680494@usts.edu.com','370112199610291040','5cafb2fbfa31fab89f44bb92e7a57e3c','',NULL,'2016-07-18 02:29:03',NULL),(226,'15320501680573','周乐萍','15320501680573@usts.edu.com','320502199703243021','f7c7183d80812329faaeb9e52c40362e','',NULL,'2016-07-18 02:29:03',NULL),(227,'15320501680604','章铭','15320501680604@usts.edu.com','320524199703103924','21580e85570b3ce94ad255176112b8a9','',NULL,'2016-07-18 02:29:03',NULL),(228,'15320501680606','周书羽','15320501680606@usts.edu.com','321202199702241221','338a69c4388017383046249848370e15','',NULL,'2016-07-18 02:29:03',NULL),(229,'15320501680707','唐雅雯','15320501680707@usts.edu.com','320829199703151027','f04738915d176fc32f28fa02f993f22b','',NULL,'2016-07-18 02:29:03',NULL),(230,'15320501680708','张菁菲','15320501680708@usts.edu.com','320502199610281029','04dfb742eef0e063bf09ca0818629ace','',NULL,'2016-07-18 02:29:03',NULL),(231,'15320501680717','顾君月','15320501680717@usts.edu.com','320501199703156765','77f6b6ca899fbec447902098b79ccf06','',NULL,'2016-07-18 02:29:03',NULL),(232,'15320501680766','程维晔','15320501680766@usts.edu.com','320504199708212526','def12ba4bc3628c33aa2b075631e451e','',NULL,'2016-07-18 02:29:03',NULL),(233,'15320501680780','陈敏琦','15320501680780@usts.edu.com','320501199707265264','f1efcc827d84d8e3ea4895c9ad789958','',NULL,'2016-07-18 02:29:03',NULL),(234,'15320501680848','张梦琪','15320501680848@usts.edu.com','320501199608216029','11278b647e8e65f1044a68bd13433a7d','',NULL,'2016-07-18 02:29:03',NULL),(235,'15320501680861','毛蒋燕','15320501680861@usts.edu.com','320501199705086545','28cc3d6180cd8ea05c9cbda6a5bea251','',NULL,'2016-07-18 02:29:03',NULL),(236,'15320501680943','周菡丹','15320501680943@usts.edu.com','320501199612196526','0be295f57b041e42f64281f2b441a3d3','',NULL,'2016-07-18 02:29:03',NULL),(237,'15320501680982','孙怡凡','15320501680982@usts.edu.com','320501199702117529','8afc06a66ec80d43dc4842de53383b34','',NULL,'2016-07-18 02:29:03',NULL),(238,'15320501681020','陆海燕','15320501681020@usts.edu.com','320504199612180021','6d2152620c92e172b3e78767e07bc015','',NULL,'2016-07-18 02:29:03',NULL),(239,'15320501681109','金佳妤','15320501681109@usts.edu.com','320511199707272264','a00861c9762454729336c20c10c97fde','',NULL,'2016-07-18 02:29:03',NULL),(240,'15320501681245','郁紫燕','15320501681245@usts.edu.com','320586199610196446','a512dd617afe7d2fd6b6604682d72946','',NULL,'2016-07-18 02:29:03',NULL),(241,'15320501681255','郑乔红','15320501681255@usts.edu.com','34262319960701124X','17f633dc42d1d47007261f13767aaea9','',NULL,'2016-07-18 02:29:03',NULL),(242,'15320501681256','李梦佳','15320501681256@usts.edu.com','320586199609162425','c77ae96fb3f73d495d23cbd9f536ce6d','',NULL,'2016-07-18 02:29:03',NULL),(243,'15320501681277','吴冰星','15320501681277@usts.edu.com','320524199707296129','e64b13f9380ff31bf5be5b9227c3cde1','',NULL,'2016-07-18 02:29:03',NULL),(244,'15320501681292','吴嘉诚','15320501681292@usts.edu.com','320511199706253758','0b0597a3cf18443ea99ffc91bcb78429','',NULL,'2016-07-18 02:29:03',NULL),(245,'15320501681473','蒋艾雯','15320501681473@usts.edu.com','320504199707150028','cd22b3bb4c3a0202aa300336dd093ece','',NULL,'2016-07-18 02:29:03',NULL),(246,'15320501681485','刘凡饴','15320501681485@usts.edu.com','320502199701163028','1069c708defd8f84ac6da3e28dfd7130','',NULL,'2016-07-18 02:29:03',NULL),(247,'15320507670070','张艳萍','15320507670070@usts.edu.com','320586199707095625','7601cb3768197f4490a656ed612dc4b2','',NULL,'2016-07-18 02:29:03',NULL),(248,'15320507670098','徐乐菁','15320507670098@usts.edu.com','320586199705053923','eace3ce3b9a27956e7a01cf4b3d939ac','',NULL,'2016-07-18 02:29:03',NULL),(249,'15320507670099','徐乐丹','15320507670099@usts.edu.com','32058619970505394X','70e6c13e3beb505157b113585049c32b','',NULL,'2016-07-18 02:29:03',NULL),(250,'15320507680030','刘恺妍','15320507680030@usts.edu.com','32058619970225392X','c1cabf566bf1228f1ea2f1f26da12461','',NULL,'2016-07-18 02:29:03',NULL),(251,'15320507680048','张纯','15320507680048@usts.edu.com','320507199609121548','87fcdc4477a009deda0483e98a2032f5','',NULL,'2016-07-18 02:29:03',NULL),(252,'15320507680063','徐苗','15320507680063@usts.edu.com','320586199702284822','ee8b5ebf883b189d6ca65352b22b24d6','',NULL,'2016-07-18 02:29:03',NULL),(253,'15320507680073','陈颖异','15320507680073@usts.edu.com','320586199612125027','793fd6f25ebe54bbae5ebb5bc1665f74','',NULL,'2016-07-18 02:29:03',NULL),(254,'15320507680082','金徐缘','15320507680082@usts.edu.com','320586199612154821','25cd3e263b58d2b2841559b63d3f8378','',NULL,'2016-07-18 02:29:03',NULL),(255,'15320507680085','苏丽琴','15320507680085@usts.edu.com','320586199702265621','f4673b93ea553acfdbdd052bc202055f','',NULL,'2016-07-18 02:29:03',NULL),(256,'15320507680153','潘佳丽','15320507680153@usts.edu.com','320824199701232120','856445393a4f11bda55abe5a0ab98631','',NULL,'2016-07-18 02:29:03',NULL),(257,'15320581670035','朱心怡','15320581670035@usts.edu.com','320581199708080423','a9d8b161ba5d98a70c5ee9846c7b33ff','',NULL,'2016-07-18 02:29:03',NULL),(258,'15320581680041','沈钇婷','15320581680041@usts.edu.com','320581199607152328','07511f33fa805652cf6c94b6b59d02da','',NULL,'2016-07-18 02:29:03',NULL),(259,'15320581680057','缪志忆','15320581680057@usts.edu.com','320581199610213320','75d021fe65cfbf68a88ab72d00d6ecad','',NULL,'2016-07-18 02:29:03',NULL),(260,'15320581680062','陈宇石','15320581680062@usts.edu.com','320581199705151513','335b65721530374dacf68b6bde7d3325','',NULL,'2016-07-18 02:29:03',NULL),(261,'15320581680109','陆怡婷','15320581680109@usts.edu.com','320581199611273982','23ebffe3568acb125b01bb5f1fa68bdd','',NULL,'2016-07-18 02:29:03',NULL),(262,'15320581680232','包雨钦','15320581680232@usts.edu.com','320581199708043120','a3fe2e2e907d94e6c469bc2eb5e79b4d','',NULL,'2016-07-18 02:29:03',NULL),(263,'15320581680350','徐冲冲','15320581680350@usts.edu.com','320922199709287815','e53a9d7e45b1f3053c28982abcc8f0a4','',NULL,'2016-07-18 02:29:03',NULL),(264,'15320581680363','袁成龙','15320581680363@usts.edu.com','320324199711111173','de5dc5f205f0c995588bf55d488a1436','',NULL,'2016-07-18 02:29:03',NULL),(265,'15320581680490','李戴衡','15320581680490@usts.edu.com','320581199707171817','78703222bb7b0b25865504a6d66eaa92','',NULL,'2016-07-18 02:29:03',NULL),(266,'15320581680689','朱梦晨','15320581680689@usts.edu.com','320581199510270125','be00d611f564d9ae145022d2d7aa1ead','',NULL,'2016-07-18 02:29:03',NULL),(267,'15320581680875','顾逸凡','15320581680875@usts.edu.com','320581199610240441','e06d20189d1ed6bc42e4747be1ebb1fe','',NULL,'2016-07-18 02:29:03',NULL),(268,'15320581680894','陶嘉琳','15320581680894@usts.edu.com','320581199708121627','b14b773d0874dcc1bdb2810a1436f37c','',NULL,'2016-07-18 02:29:03',NULL),(269,'15320581680993','张庭榕','15320581680993@usts.edu.com','32058119951130004X','26353ab43a0579d3d815568e1f55f6b7','',NULL,'2016-07-18 02:29:03',NULL),(270,'15320581681002','陈伊','15320581681002@usts.edu.com','320581199701263921','63a4b0074423099a023de14df2103eef','',NULL,'2016-07-18 02:29:03',NULL),(271,'15320581681017','陆依凡','15320581681017@usts.edu.com','320581199703214322','2f3ab2b9c545748c399cc4fea10a34f9','',NULL,'2016-07-18 02:29:03',NULL),(272,'15320581681124','陆春芬','15320581681124@usts.edu.com','320581199703201927','83001ba1eff2acf6712615e8bb3c86c3','',NULL,'2016-07-18 02:29:03',NULL),(273,'15320582670042','周智柯','15320582670042@usts.edu.com','320582199706188218','28c56bb3031d2eba6f7ed2ff989af98a','',NULL,'2016-07-18 02:29:03',NULL),(274,'15320582670048','朱瑜慧','15320582670048@usts.edu.com','320582199612044563','14bfa14cfdf49eae842cfa6ce18b66eb','',NULL,'2016-07-18 02:29:03',NULL),(275,'15320582670473','徐婷','15320582670473@usts.edu.com','320582199609251721','296f277cf97c062d005c8990fb189561','',NULL,'2016-07-18 02:29:03',NULL),(276,'15320582670478','魏甜','15320582670478@usts.edu.com','320582199702074221','e1e69a8e153e6c67259bc35a3ece0685','',NULL,'2016-07-18 02:29:03',NULL),(277,'15320582680061','庄梦秋','15320582680061@usts.edu.com','321322199509165627','d4fea552cf558b30b8a40779b14b9b6c','',NULL,'2016-07-18 02:29:03',NULL),(278,'15320582680118','孙陈唯一','15320582680118@usts.edu.com','320582199612027325','1ac489545decb3e09a263f71084e2c5a','',NULL,'2016-07-18 02:29:03',NULL),(279,'15320582680229','郏新一','15320582680229@usts.edu.com','320582199708040524','082a8047417c1e0563d5ae1cc7613866','',NULL,'2016-07-18 02:29:03',NULL),(280,'15320582680256','黄沁怡','15320582680256@usts.edu.com','320582199609127923','f750ef1887dc97663b12d58a4e639b37','',NULL,'2016-07-18 02:29:03',NULL),(281,'15320582680290','陈嘉欣','15320582680290@usts.edu.com','320582199610264829','fb7a1ae4d0fc369e557ebd76f14fbbe8','',NULL,'2016-07-18 02:29:03',NULL),(282,'15320582680689','陆欣怡','15320582680689@usts.edu.com','320582199708300824','ea6ebcb10c9c6132efd99c13d79afde4','',NULL,'2016-07-18 02:29:03',NULL),(283,'15320582680726','黄依宁','15320582680726@usts.edu.com','320582199709137328','9617317e71258acd2ab222fcdc1fca5d','',NULL,'2016-07-18 02:29:03',NULL),(284,'15320583670117','赵文怡','15320583670117@usts.edu.com','320583199610260023','ff3226267bee43658df816d7b793c919','',NULL,'2016-07-18 02:29:03',NULL),(285,'15320583680039','王文怡','15320583680039@usts.edu.com','320583199612203823','db988a981dc12b363db129f1050bdd6f','',NULL,'2016-07-18 02:29:03',NULL),(286,'15320583680065','王晨励','15320583680065@usts.edu.com','320583199708220425','5189212f297796d4ebababe721f6e541','',NULL,'2016-07-18 02:29:03',NULL),(287,'15320583680066','吕思佳','15320583680066@usts.edu.com','320583199701278528','564f83f5bb199da06de19b572bff7e7d','',NULL,'2016-07-18 02:29:03',NULL),(288,'15320583680094','张欣妍','15320583680094@usts.edu.com','320583199706258120','60d5f97c65f133cba7206e0fbc7b262b','',NULL,'2016-07-18 02:29:03',NULL),(289,'15320583680184','何子恒','15320583680184@usts.edu.com','320583199612110213','088e4a398fef754cbfe3c8a68be0ee86','',NULL,'2016-07-18 02:29:03',NULL),(290,'15320583680243','朱艳雯','15320583680243@usts.edu.com','320583199703247629','406629f380043e31af1f91327dfd8eb0','',NULL,'2016-07-18 02:29:03',NULL),(291,'15320583680252','胡依静','15320583680252@usts.edu.com','320583199706164642','4dd8f811fbaa569629c7ae2338834971','',NULL,'2016-07-18 02:29:03',NULL),(292,'15320583680329','周佳','15320583680329@usts.edu.com','320583199609294621','86f01230906ad6b877cf8195cc659856','',NULL,'2016-07-18 02:29:03',NULL),(293,'15320583680512','徐文洁','15320583680512@usts.edu.com','320583199702078923','9a7ee8f6625c75b8e4ec9678f4c50f95','',NULL,'2016-07-18 02:29:03',NULL),(294,'15320583680529','范敏','15320583680529@usts.edu.com','342623199701163020','a2c43e918fe55d56f4b3bc654de0d9d7','',NULL,'2016-07-18 02:29:03',NULL),(295,'15320584670029','杨丽','15320584670029@usts.edu.com','320525199704144425','ca69e22ca27e591bf1fc54a0833d91e8','',NULL,'2016-07-18 02:29:03',NULL),(296,'15320584670156','王毓宸','15320584670156@usts.edu.com','320525199701107426','38c9b8a8489796eea6cb1cc9eed30260','',NULL,'2016-07-18 02:29:03',NULL),(297,'15320584670196','陆臻','15320584670196@usts.edu.com','320584199708287116','75972c0f1d95ecc5de35b5fabe430843','',NULL,'2016-07-18 02:29:03',NULL),(298,'15320584670293','赵忆文','15320584670293@usts.edu.com','320584199707210029','139cc545cefeb1bd4cc7d0585bc67389','',NULL,'2016-07-18 02:29:03',NULL),(299,'15320584680049','沈怡凡','15320584680049@usts.edu.com','32052519970609832X','0acdc92106c3146aab737c609de1430f','',NULL,'2016-07-18 02:29:03',NULL),(300,'15320584680214','姚方舟','15320584680214@usts.edu.com','320525199704073022','b742d8d4344b197e6e96a55c546366cb','',NULL,'2016-07-18 02:29:03',NULL),(301,'15320584680215','陈璐瑶','15320584680215@usts.edu.com','320525199703304124','b00c36eb11fadd0ce487a4f58cd5ccee','',NULL,'2016-07-18 02:29:03',NULL),(302,'15320584680247','朱启浩','15320584680247@usts.edu.com','340521199601183315','4520ca1d4453fe43ef701d6bb4ebcf8d','',NULL,'2016-07-18 02:29:03',NULL),(303,'15320584680256','李妍','15320584680256@usts.edu.com','320525199705170502','f4a5c369c6c92691c013b17a5e46bd52','',NULL,'2016-07-18 02:29:03',NULL),(304,'15320584680261','沈芸','15320584680261@usts.edu.com','320525199706257722','bbc6e42505f2d80dd61ae39d60f2118d','',NULL,'2016-07-18 02:29:03',NULL),(305,'15320584680333','徐洁','15320584680333@usts.edu.com','320525199609222528','a0d15d494f3ee2eee2ce37572e87c492','',NULL,'2016-07-18 02:29:03',NULL),(306,'15320584680407','翁兴燕','15320584680407@usts.edu.com','342401199612194264','f1e045abd31196b4747226e5e1a5624b','',NULL,'2016-07-18 02:29:03',NULL),(307,'15320584680417','李妤舟','15320584680417@usts.edu.com','320525199708210266','d7ea15535ad37bed1ecb9d88e8f29f97','',NULL,'2016-07-18 02:29:03',NULL),(308,'15320584680423','胡思佳','15320584680423@usts.edu.com','320525199702110504','5f6fa4a4b4edc4ee602d8338f1f572e8','',NULL,'2016-07-18 02:29:03',NULL),(309,'15320584680425','张君','15320584680425@usts.edu.com','320525199707015020','86e726daee7dcbf5c9282fe05b3341c6','',NULL,'2016-07-18 02:29:03',NULL),(310,'15320584680435','袁梦婷','15320584680435@usts.edu.com','320584199706230028','d79da4fb12236e64865c6b93d9a5056b','',NULL,'2016-07-18 02:29:03',NULL),(311,'15320584680446','蔡书恬','15320584680446@usts.edu.com','320525199608200503','66f630f8ec94f92b0a2aee93a175cf68','',NULL,'2016-07-18 02:29:03',NULL),(312,'15320584680493','吴马根','15320584680493@usts.edu.com','320525199610075916','2d189d241b09a4664fc431523f481ad2','',NULL,'2016-07-18 02:29:03',NULL),(313,'15320584680507','屠传洁','15320584680507@usts.edu.com','342423199601206264','a9412710e77fbadfee7d1fc228bba9ee','',NULL,'2016-07-18 02:29:03',NULL),(314,'15320584681002','汤怡晴','15320584681002@usts.edu.com','320525199703115323','ac0d0ed75bf20b30b2dbb4bc50afeaac','',NULL,'2016-07-18 02:29:03',NULL),(315,'15320584681034','刘婷婷','15320584681034@usts.edu.com','352230199610270027','1414d4083c306bfdb1109cff4b340572','',NULL,'2016-07-18 02:29:03',NULL),(316,'15320584681040','陈芷怡','15320584681040@usts.edu.com','320525199610207720','c1b63694bd954a210e12def37d4688e6','',NULL,'2016-07-18 02:29:03',NULL),(317,'15320584681043','潘敏','15320584681043@usts.edu.com','320525199704137727','c6c09769fd4c6857f42ccb8305d53d2d','',NULL,'2016-07-18 02:29:03',NULL),(318,'15320584681049','于圣贤','15320584681049@usts.edu.com','320525199701227129','c0afcb3d8ee9d082fb581ee415aca4ae','',NULL,'2016-07-18 02:29:03',NULL),(319,'15320584681050','沈诗怡','15320584681050@usts.edu.com','320525199701267120','00a2b57c20863f91f5b79b4fe24d8be6','',NULL,'2016-07-18 02:29:03',NULL),(320,'15320584681065','李苏川','15320584681065@usts.edu.com','320525199708178024','d940c5b3357092294e16cc3814abe093','',NULL,'2016-07-18 02:29:03',NULL),(321,'15320585670037','马康辉','15320585670037@usts.edu.com','410221199701203434','f7e49adc4aff527ea0b5c7fb8d83af7b','',NULL,'2016-07-18 02:29:03',NULL),(322,'15320585680010','谢蕾婷','15320585680010@usts.edu.com','320522199612180083','1e3b62b7d1630655fd05569646b26ddb','',NULL,'2016-07-18 02:29:03',NULL),(323,'15320585680015','钱佳亮','15320585680015@usts.edu.com','320522199610170017','1fad57f4abdb3f57fab38c32ab2b46ab','',NULL,'2016-07-18 02:29:03',NULL),(324,'15320585680084','王娇','15320585680084@usts.edu.com','320522199610101628','29c2aaa986115f5161db4bd1709a443c','',NULL,'2016-07-18 02:29:03',NULL),(325,'15320585680325','周敏洁','15320585680325@usts.edu.com','320522199708068029','7e8b89282db11d426e3baeb9899f75ef','',NULL,'2016-07-18 02:29:03',NULL),(326,'15320585680329','赵蓥嘉','15320585680329@usts.edu.com','320522199609275022','e694543d7187912641328f176379ce10','',NULL,'2016-07-18 02:29:03',NULL),(327,'15320585680339','谭悦馨','15320585680339@usts.edu.com','320522199611260727','bbf5e5beed3ebe5a9549476272100f8f','',NULL,'2016-07-18 02:29:03',NULL),(328,'15320585680356','吴心怡','15320585680356@usts.edu.com','320522199701270021','543cdea8535969c43f82529b6c613726','',NULL,'2016-07-18 02:29:03',NULL),(329,'15320585680414','章苗苗','15320585680414@usts.edu.com','340823199610226128','4baeb1e41043a607ec8def507c2e054d','',NULL,'2016-07-18 02:29:03',NULL),(330,'15320585680418','周笛','15320585680418@usts.edu.com','320281199602248551','9161db0f7e53ee04595662b14c03e976','',NULL,'2016-07-18 02:29:03',NULL),(331,'15320586670066','柳明','15320586670066@usts.edu.com','32058619970411291X','6ddeb082d4d112190081ffeb867b5d71','',NULL,'2016-07-18 02:29:03',NULL),(332,'15320586670295','钱馨艳','15320586670295@usts.edu.com','320586199703158721','d93d19fdb41dc7792d9349c3370f6234','',NULL,'2016-07-18 02:29:03',NULL),(333,'15320586680018','胡月','15320586680018@usts.edu.com','342425199511156622','7ae87f8f064afc0886ba7797cad19501','',NULL,'2016-07-18 02:29:03',NULL),(334,'15320586680049','朱琳怡','15320586680049@usts.edu.com','320506199612012020','062a264634946593052d1b587aff2cc4','',NULL,'2016-07-18 02:29:03',NULL),(335,'15320586680068','黄敏菲','15320586680068@usts.edu.com','32058619970805872X','4cc6abee407d5f6c641df7797eb0dc3f','',NULL,'2016-07-18 02:29:03',NULL),(336,'15320586680075','庄真','15320586680075@usts.edu.com','320586199707268426','ca91cbb02528b81747f308436f0351d5','',NULL,'2016-07-18 02:29:03',NULL),(337,'15320586680109','李晨晨','15320586680109@usts.edu.com','320381199612240022','e8673b9661cb7cf48e7951af6d6d1597','',NULL,'2016-07-18 02:29:03',NULL),(338,'15320586680110','尤倩艳','15320586680110@usts.edu.com','320524199707155828','d8cd06db79dd7b629ea7281b3b412a1d','',NULL,'2016-07-18 02:29:03',NULL),(339,'15320586680117','郁思敏','15320586680117@usts.edu.com','320586199706252924','7cc26c86a9651bb4fb08623f638bc997','',NULL,'2016-07-18 02:29:03',NULL),(340,'15320586680144','邱紫珺','15320586680144@usts.edu.com','320586199704168024','f88ce16ad7cc2297b7debe54a3594631','',NULL,'2016-07-18 02:29:03',NULL),(341,'15320586680206','秦枫','15320586680206@usts.edu.com','320586199612248019','22b8177e2e7c7f3b41f3ef1d81f81639','',NULL,'2016-07-18 02:29:03',NULL),(342,'15320586680220','张佳依','15320586680220@usts.edu.com','32058619970711884X','466830765e248d8b04e098c49552e31c','',NULL,'2016-07-18 02:29:03',NULL),(343,'15320586680289','位明明','15320586680289@usts.edu.com','410222199711262549','990ae7ef4d326f526869d3e733d9b530','',NULL,'2016-07-18 02:29:03',NULL),(344,'15320586680318','庄思怡','15320586680318@usts.edu.com','320524199707317022','ab5b6cd06f9e5701530dbea03d4043ea','',NULL,'2016-07-18 02:29:03',NULL),(345,'15320586680391','王鑫杰','15320586680391@usts.edu.com','320586199707046815','e5773021285ffc1e312f09edf497b128','',NULL,'2016-07-18 02:29:03',NULL),(346,'15320586680450','马鑫燕','15320586680450@usts.edu.com','320506199706230520','2b3d44b92fcd32e0e4ebbae54eae99fb','',NULL,'2016-07-18 02:29:03',NULL),(347,'15320601670021','洪丹丹','15320601670021@usts.edu.com','350583199611211026','8c4367e22a83adfcf9fac54833309881','',NULL,'2016-07-18 02:29:03',NULL),(348,'15320601680067','张博文','15320601680067@usts.edu.com','320602199708206516','1cf80db7d7cef0bdcb0afb8606345da0','',NULL,'2016-07-18 02:29:03',NULL),(349,'15320601680115','包涵','15320601680115@usts.edu.com','320611199708242628','abb2a7819cc7a4c4e85986a79f7c79cb','',NULL,'2016-07-18 02:29:03',NULL),(350,'15320601680144','韩昳','15320601680144@usts.edu.com','320602199705205323','f3e0cc511ece77aca9a7a5d12f29d4de','',NULL,'2016-07-18 02:29:03',NULL),(351,'15320601680268','瞿潘天梓','15320601680268@usts.edu.com','320602199709262528','453c7ec1f9f65002f6d7dff5b83ff2ee','',NULL,'2016-07-18 02:29:03',NULL),(352,'15320601680750','孔楠','15320601680750@usts.edu.com','511623199604266088','256d5b76b0748b43032e400777fe6d19','',NULL,'2016-07-18 02:29:03',NULL),(353,'15320612670144','成晨','15320612670144@usts.edu.com','320683199608227027','85cdc7a7d9dc863baac15329a785e4fa','',NULL,'2016-07-18 02:29:03',NULL),(354,'15320612680075','陈洁丽','15320612680075@usts.edu.com','320683199704192442','7bb36889ba6ad4f70d4c47809e90e1f2','',NULL,'2016-07-18 02:29:03',NULL),(355,'15320612680295','李琳玉','15320612680295@usts.edu.com','320683199605103029','8b49761bfbc32a6457d14502a8f53ef5','',NULL,'2016-07-18 02:29:03',NULL),(356,'15320621670193','施凌岚','15320621670193@usts.edu.com','320621199703027526','46b6b7d3ef902b04938d74365f63a105','',NULL,'2016-07-18 02:29:03',NULL),(357,'15320621680067','戴思佳','15320621680067@usts.edu.com','320621199706111029','8cf7ea4b8e57ad8512fb578f9df2d664','',NULL,'2016-07-18 02:29:03',NULL),(358,'15320621680435','曹逸颖','15320621680435@usts.edu.com','320621199701080024','44585fadaceb9398d1982ad519b235fa','',NULL,'2016-07-18 02:29:03',NULL),(359,'15320621680447','王毓喆','15320621680447@usts.edu.com','320621199706130027','e4c8cdd1bae531a381224a593de6d75c','',NULL,'2016-07-18 02:29:03',NULL),(360,'15320621680599','倪杨','15320621680599@usts.edu.com','320621199612172648','918da5b4ef722f0042ed61e8a35e4f66','',NULL,'2016-07-18 02:29:03',NULL),(361,'15320621680619','颜睿','15320621680619@usts.edu.com','320621199703318729','0f261d04a74f2c0b9ae97c9d5d69e436','',NULL,'2016-07-18 02:29:03',NULL),(362,'15320621680664','陈颖','15320621680664@usts.edu.com','320621199612178724','cc114c6b5fb0e5973dbbd6c2c76b6037','',NULL,'2016-07-18 02:29:03',NULL),(363,'15320621680850','吉久慧','15320621680850@usts.edu.com','320621199612020062','6d8707f57fe45c96edc515dde04c5468','',NULL,'2016-07-18 02:29:03',NULL),(364,'15320623670006','洪天予','15320623670006@usts.edu.com','320623199707050013','8f50dbc4458ad33dc93c99f9343d0f36','',NULL,'2016-07-18 02:29:03',NULL),(365,'15320623670092','陈荷薇','15320623670092@usts.edu.com','320623199709011464','f954854aa2c4cb0333a962965110cb21','',NULL,'2016-07-18 02:29:03',NULL),(366,'15320623670096','季玉娇','15320623670096@usts.edu.com','320623199703091889','627ed9447ffeeb28f34ae221f74f1ecc','',NULL,'2016-07-18 02:29:03',NULL),(367,'15320623680001','任多','15320623680001@usts.edu.com','320381199610090083','8a4cb3366110ec020c65361a3784e46d','',NULL,'2016-07-18 02:29:03',NULL),(368,'15320623680118','瞿云燕','15320623680118@usts.edu.com','320623199610111481','e166dfc0f067a588905190e27e5ff992','',NULL,'2016-07-18 02:29:03',NULL),(369,'15320623680305','吴冬伟','15320623680305@usts.edu.com','320623199712041461','587b44bb1c9fb73eec1fe6283a3b1e6e','',NULL,'2016-07-18 02:29:03',NULL),(370,'15320623680409','张诗佳','15320623680409@usts.edu.com','320623199709286644','ca945cf608f43fec6efb714facdb5577','',NULL,'2016-07-18 02:29:03',NULL),(371,'15320623680440','周小莉','15320623680440@usts.edu.com','320623199606104887','449adc378d26a842c4904c84e0b14bb9','',NULL,'2016-07-18 02:29:03',NULL),(372,'15320623680502','朱盈盈','15320623680502@usts.edu.com','320623199710281883','f086a0687cb575ae3e0bfa35bd0fd117','',NULL,'2016-07-18 02:29:03',NULL),(373,'15320623680643','曹佩琪','15320623680643@usts.edu.com','320623199608187348','b6025f98d0765c5c16bb9d3930f57eb4','',NULL,'2016-07-18 02:29:03',NULL),(374,'15320623680759','李擎霄','15320623680759@usts.edu.com','320623199707093187','06b09a5b1e86b4b1b0e7f3577af31896','',NULL,'2016-07-18 02:29:03',NULL),(375,'15320681670036','袁蕾','15320681670036@usts.edu.com','320681199710157624','dee91cda043bc80c54ab54eeba364145','',NULL,'2016-07-18 02:29:03',NULL),(376,'15320681680059','印珈铃','15320681680059@usts.edu.com','320681199706105848','eaf4ab4bc458acae405cef668dc82fab','',NULL,'2016-07-18 02:29:03',NULL),(377,'15320681680102','顾灵毓','15320681680102@usts.edu.com','320681199704285822','0b84c538151ebf4bbaab3f43b5a4bd73','',NULL,'2016-07-18 02:29:03',NULL),(378,'15320681680104','倪丹凤','15320681680104@usts.edu.com','320681199707214624','dda39b31fc3f3bd4c47112fb2db2b077','',NULL,'2016-07-18 02:29:03',NULL),(379,'15320681680113','陈姝颖','15320681680113@usts.edu.com','32068119971011582X','305b82a99f6f11de28c6de2c09002b73','',NULL,'2016-07-18 02:29:03',NULL),(380,'15320681680144','钱冰清','15320681680144@usts.edu.com','320681199709182224','28c4c516950ca3bd714c12d6a7313c6f','',NULL,'2016-07-18 02:29:03',NULL),(381,'15320681680262','施毅','15320681680262@usts.edu.com','32068119961119442X','c5873b7a305e85bff924f9946d3ba3d0','',NULL,'2016-07-18 02:29:03',NULL),(382,'15320681680277','高思远','15320681680277@usts.edu.com','320681199709165221','7bb7fb0c2bc92bba54c9917ab15cdbef','',NULL,'2016-07-18 02:29:03',NULL),(383,'15320681680361','施辰霖','15320681680361@usts.edu.com','320681199703221245','3eccb969b9255f4e02c4351f4b7dd96d','',NULL,'2016-07-18 02:29:03',NULL),(384,'15320681680398','陈思宇','15320681680398@usts.edu.com','320681199612042428','197c7a1cfbeb7d9b1b9dc21f8db24054','',NULL,'2016-07-18 02:29:03',NULL),(385,'15320682670097','洪蔚怡','15320682670097@usts.edu.com','320682199610250684','4c4cc8fa71949080545f461c3dd9fd31','',NULL,'2016-07-18 02:29:03',NULL),(386,'15320682670266','陈光羽','15320682670266@usts.edu.com','320682199705270688','a2058c10827b284d3f912009f47503de','',NULL,'2016-07-18 02:29:03',NULL),(387,'15320682670276','赵萃敏','15320682670276@usts.edu.com','320682199701172044','b478d69828da26f79e6eab98a3048e1d','',NULL,'2016-07-18 02:29:03',NULL),(388,'15320682670449','顾月红','15320682670449@usts.edu.com','32068219970727050X','c9d896c06a4d8d7c025d35b5853aced9','',NULL,'2016-07-18 02:29:03',NULL),(389,'15320682670456','尤志敏','15320682670456@usts.edu.com','320682199801235604','c6eea680f7863b571ad38ed6fb5faf88','',NULL,'2016-07-18 02:29:03',NULL),(390,'15320682680009','茅昕宁','15320682680009@usts.edu.com','320502199603120526','069e6b3c261cf1185023eec09fcee186','',NULL,'2016-07-18 02:29:03',NULL),(391,'15320682680035','杨露露','15320682680035@usts.edu.com','320682199505233129','ce32becef7c5d72a5ae033c9b1853038','',NULL,'2016-07-18 02:29:03',NULL),(392,'15320682680106','鞠薇薇','15320682680106@usts.edu.com','320682199608280040','74d18fd6461cbb6aaf4f79b75b86fdc5','',NULL,'2016-07-18 02:29:03',NULL),(393,'15320682680122','钱会珍','15320682680122@usts.edu.com','320722199507264526','3e0a35aa86236e8d1432afee7e9733df','',NULL,'2016-07-18 02:29:03',NULL),(394,'15320682680230','李金祈','15320682680230@usts.edu.com','320682199708060483','7e97c4d1ba89e35f43e32e11b4920f8f','',NULL,'2016-07-18 02:29:03',NULL),(395,'15320682680236','江浩然','15320682680236@usts.edu.com','320682199706229142','d17cf4b7c5d690357116d756364edea6','',NULL,'2016-07-18 02:29:03',NULL),(396,'15320682680252','顾婕','15320682680252@usts.edu.com','320682199707218285','b96d1b7fd6a9e0b8aa98a3ae341a2821','',NULL,'2016-07-18 02:29:03',NULL),(397,'15320682680447','张然','15320682680447@usts.edu.com','320682199706292205','7a98c9c365aa29a8ab962c3faabbf6a9','',NULL,'2016-07-18 02:29:03',NULL),(398,'15320682680593','沙新颖','15320682680593@usts.edu.com','320682199708075001','d34a562c34158aebb687ec49a00233c5','',NULL,'2016-07-18 02:29:03',NULL),(399,'15320682680623','戴刘锋','15320682680623@usts.edu.com','320682199701058276','912f8413b997dc36c7a35a40d723e996','',NULL,'2016-07-18 02:29:03',NULL),(400,'15320682680793','徐伯晨','15320682680793@usts.edu.com','320682199604205772','3b3af383e348e912f73541486f947336','',NULL,'2016-07-18 02:29:03',NULL),(401,'15320682680857','倪文路','15320682680857@usts.edu.com','321322199702164861','f11e2b0038ec895fbe569aa1e081e2e0','',NULL,'2016-07-18 02:29:03',NULL),(402,'15320682680903','顾茜莹','15320682680903@usts.edu.com','320682199709236807','924b42d364afb7fa118848d5c71b5b44','',NULL,'2016-07-18 02:29:03',NULL),(403,'15320682680998','刘洁','15320682680998@usts.edu.com','320682199702086789','eb8d5219b065b3be0bb250e22cfcff8d','',NULL,'2016-07-18 02:29:03',NULL),(404,'15320682681097','程玉洁','15320682681097@usts.edu.com','320682199703082085','54b68727fab37c382f9c17d56f9c81ca','',NULL,'2016-07-18 02:29:03',NULL),(405,'15320682681198','秦浩','15320682681198@usts.edu.com','32068219970508173X','c9b532f3f6450fee2caf4d49c44b9ec7','',NULL,'2016-07-18 02:29:03',NULL),(406,'15320682681223','杨丹','15320682681223@usts.edu.com','320682199701171148','c645aa8931d72e16671d407542132624','',NULL,'2016-07-18 02:29:03',NULL),(407,'15320684670071','钱凯艳','15320684670071@usts.edu.com','320684199610062926','c6cd1a7e4a2b81879ad695aed5dae2e4','',NULL,'2016-07-18 02:29:03',NULL),(408,'15320684680187','陆宋蕊','15320684680187@usts.edu.com','320684199706134664','307b5fbf50ab809566b2f17f924e0047','',NULL,'2016-07-18 02:29:03',NULL),(409,'15320684680226','蒋谨遥','15320684680226@usts.edu.com','320684199708280040','b01b8f70df252463a9e67a54908dc222','',NULL,'2016-07-18 02:29:03',NULL),(410,'15320684680236','姚宇倩','15320684680236@usts.edu.com','320684199611263164','df4ff37ff4057af401ef0cd106e8074c','',NULL,'2016-07-18 02:29:03',NULL),(411,'15320684680621','黄迪婧','15320684680621@usts.edu.com','320684199704177425','86c8b26bc8eb56a756c6d93d277139c9','',NULL,'2016-07-18 02:29:03',NULL),(412,'15320684680758','陈晓瑾','15320684680758@usts.edu.com','320684199612192169','eed968b343fd7793e894e18345046bc1','',NULL,'2016-07-18 02:29:03',NULL),(413,'15320684680786','陆亚萍','15320684680786@usts.edu.com','320684199602140023','09c583022db29919485ac266512ece50','',NULL,'2016-07-18 02:29:03',NULL),(414,'15320684680825','刘高松','15320684680825@usts.edu.com','320683199609101012','1c23fa4df7032eca84610e09758e5465','',NULL,'2016-07-18 02:29:03',NULL),(415,'15320684680953','宋一锐','15320684680953@usts.edu.com','320684199708208719','032d67a62592cf74b709540aa88f5dfd','',NULL,'2016-07-18 02:29:03',NULL),(416,'15320684681063','施凯莉','15320684681063@usts.edu.com','320684199702130869','716c91553d2d06018f8bbfd00fa8ed7f','',NULL,'2016-07-18 02:29:03',NULL),(417,'15320684681071','谢菲菲','15320684681071@usts.edu.com','320684199703210625','a6f042ba75b8f7d7187514ccfaa76422','',NULL,'2016-07-18 02:29:03',NULL),(418,'15320684681083','陆婷婷','15320684681083@usts.edu.com','320684199609152166','c07cb72702cc37bfd41eeb26af23618b','',NULL,'2016-07-18 02:29:03',NULL),(419,'15320701680016','赵昊','15320701680016@usts.edu.com','320705199603171518','49dcced695c118a3e0eef7e372c92e06','',NULL,'2016-07-18 02:29:03',NULL),(420,'15320701680248','耿媛媛','15320701680248@usts.edu.com','320723199712215420','671af928b63b6751e4e25a76b4a7911a','',NULL,'2016-07-18 02:29:03',NULL),(421,'15320701680627','陈梓萌','15320701680627@usts.edu.com','320705199705301029','bb7f5ae2e34196d4e45b6bba571491da','',NULL,'2016-07-18 02:29:03',NULL),(422,'15320701680665','钱海','15320701680665@usts.edu.com','320723199704031816','aebe97110df43a71b163dd000108a861','',NULL,'2016-07-18 02:29:03',NULL),(423,'15320721680477','居苏琴','15320721680477@usts.edu.com','320721199611010642','0a69f99eb9702540767200dc61b2fe40','',NULL,'2016-07-18 02:29:03',NULL),(424,'15320721680678','许思思','15320721680678@usts.edu.com','320721199611012023','121c80f7693e5e1cac97fee3541a6e8c','',NULL,'2016-07-18 02:29:03',NULL),(425,'15320721680686','许恩思','15320721680686@usts.edu.com','320721199608011222','5c8d522b5d36f88c73e4b25859a21553','',NULL,'2016-07-18 02:29:03',NULL),(426,'15320721680735','李菲','15320721680735@usts.edu.com','320721199707015026','651b93b987745f592559bbd1e7598d7d','',NULL,'2016-07-18 02:29:03',NULL),(427,'15320721681019','李大林','15320721681019@usts.edu.com','320721199710143619','e987fae7d4e76c83811837d1d5fa7db9','',NULL,'2016-07-18 02:29:03',NULL),(428,'15320721681693','韩蕙竹','15320721681693@usts.edu.com','320721199703110042','5e7b0f3227499bd38174a84fb4620585','',NULL,'2016-07-18 02:29:03',NULL),(429,'15320722680063','李如如','15320722680063@usts.edu.com','320722199504034821','eab655be8f3f9963c51ba9f2b3793bd3','',NULL,'2016-07-18 02:29:03',NULL),(430,'15320722680168','董国庆','15320722680168@usts.edu.com','320722199602053938','b665528dc2546375e64faefb10346467','',NULL,'2016-07-18 02:29:03',NULL),(431,'15320722680627','张爱华','15320722680627@usts.edu.com','320722199708157348','8f5bf7dd8a30864cf35d384962483c30','',NULL,'2016-07-18 02:29:03',NULL),(432,'15320722680676','王倩倩','15320722680676@usts.edu.com','320722199701017721','38eebd00ae2211bd3d1d468509aa42b6','',NULL,'2016-07-18 02:29:03',NULL),(433,'15320723680031','王恩惠','15320723680031@usts.edu.com','320723199411183824','49ed84f9f17cc0a33e3b70a3d7374fb1','',NULL,'2016-07-18 02:29:03',NULL),(434,'15320723680142','潘欢欢','15320723680142@usts.edu.com','320723199602165020','09860f0e2b7ea4bc2edce78b1b05b249','',NULL,'2016-07-18 02:29:03',NULL),(435,'15320723680156','温利学','15320723680156@usts.edu.com','320723199610275211','758eb3ca59cef926004e6ef64c2009d9','',NULL,'2016-07-18 02:29:03',NULL),(436,'15320723680165','郭金枝','15320723680165@usts.edu.com','320723199612014840','39dcff72a94cc86cf4e279236dc8dfa6','',NULL,'2016-07-18 02:29:03',NULL),(437,'15320723680468','刘雨晴','15320723680468@usts.edu.com','320723199808034421','d74735fb49f57f718515ef01de97bae9','',NULL,'2016-07-18 02:29:03',NULL),(438,'15320724670017','解雨露','15320724670017@usts.edu.com','321322199506225823','c58afe3acd4d576ac0f0b9005fde846c','',NULL,'2016-07-18 02:29:03',NULL),(439,'15320801670739','马艳','15320801670739@usts.edu.com','320882199702282422','f5544848775d5a4991451f6b967b8898','',NULL,'2016-07-18 02:29:03',NULL),(440,'15320801680121','卢希','15320801680121@usts.edu.com','320802199611173026','faa4ff127002e8239dfafedd35ea54b7','',NULL,'2016-07-18 02:29:03',NULL),(441,'15320801680126','吉璐','15320801680126@usts.edu.com','320882199711013822','794fafb52c36b0739428cf12c612ca55','',NULL,'2016-07-18 02:29:03',NULL),(442,'15320801680174','孙昕','15320801680174@usts.edu.com','32081119961120102X','a99e7b71def9e5f0190aa61b0de6f819','',NULL,'2016-07-18 02:29:03',NULL),(443,'15320801680328','王星砚','15320801680328@usts.edu.com','320811199702180543','9cc991c76a508470599c48ebdb2b4824','',NULL,'2016-07-18 02:29:03',NULL),(444,'15320801680364','孔祥伟','15320801680364@usts.edu.com','320811199707010017','5f5b80f3bb4d22f08cde0e3170c3f7ca','',NULL,'2016-07-18 02:29:03',NULL),(445,'15320801680423','刘子衿','15320801680423@usts.edu.com','320811199702120532','f3df1e9663a533ea6bce27bbb934128d','',NULL,'2016-07-18 02:29:03',NULL),(446,'15320801680574','张卓文','15320801680574@usts.edu.com','320802199703252522','2a9039aa50138846300cc986edf9a990','',NULL,'2016-07-18 02:29:03',NULL),(447,'15320801680611','刘露露','15320801680611@usts.edu.com','320882199711152224','f8c1e9d5c99ab589d3e2c66587dbaf45','',NULL,'2016-07-18 02:29:03',NULL),(448,'15320801680743','何奇贤','15320801680743@usts.edu.com','320831199703180022','8f1a4c4ab77f89b8b7cf3e223fefdf6f','',NULL,'2016-07-18 02:29:03',NULL),(449,'15320803680068','孙雅','15320803680068@usts.edu.com','320882199608014624','976a8906631fdf146e30e0ffc2af7f2b','',NULL,'2016-07-18 02:29:03',NULL),(450,'15320803680103','袁雪','15320803680103@usts.edu.com','320803199602173426','cc6bd1abc760c08333e9744297fcff4a','',NULL,'2016-07-18 02:29:03',NULL),(451,'15320803680498','赵久勋','15320803680498@usts.edu.com','320882199606163634','801449c6f82f4641b75fe2212cc64d25','',NULL,'2016-07-18 02:29:03',NULL),(452,'15320803680661','杨琴心','15320803680661@usts.edu.com','320882199709303425','ece9b88a70b911df64fda61ff6298851','',NULL,'2016-07-18 02:29:03',NULL),(453,'15320821670586','史学婷','15320821670586@usts.edu.com','320821199607090702','06f14b31f63af55009ad2fb1de930efe','',NULL,'2016-07-18 02:29:03',NULL),(454,'15320821680158','邹海芹','15320821680158@usts.edu.com','320821199604243523','bb8a4b7a2e0c92caeff06dabaafcd48d','',NULL,'2016-07-18 02:29:03',NULL),(455,'15320821680326','石安其','15320821680326@usts.edu.com','320821199601132705','b700bc9e87c1f18f2d8164e71b9bd214','',NULL,'2016-07-18 02:29:03',NULL),(456,'15320826680694','周汉磊','15320826680694@usts.edu.com','320826199608184833','4b39bec96f01ca014a6f6fcd42933d26','',NULL,'2016-07-18 02:29:03',NULL),(457,'15320826680786','范玉婷','15320826680786@usts.edu.com','320826199601256224','781bc1e0ec1dda2a2002e354c624bf47','',NULL,'2016-07-18 02:29:03',NULL),(458,'15320826680795','谷苏鑫','15320826680795@usts.edu.com','320826199809096610','d429d17507337dc5a21114c8aebe8de5','',NULL,'2016-07-18 02:29:03',NULL),(459,'15320826690204','郑鼎云','15320826690204@usts.edu.com','320826199606054664','b1947405243d680f13482b687606690b','',NULL,'2016-07-18 02:29:03',NULL),(460,'15320830680380','黄欣睿','15320830680380@usts.edu.com','320830199711211646','cbe47dbaac2357fc88c977db87e1be36','',NULL,'2016-07-18 02:29:03',NULL),(461,'15320830680410','赵皓然','15320830680410@usts.edu.com','320830199704110046','c88ef312093df278440cd81e5d19beaf','',NULL,'2016-07-18 02:29:03',NULL),(462,'15320901680055','薛璐','15320901680055@usts.edu.com','320924199702144363','b833c022aa8354c7f6b2be63be0488d0','',NULL,'2016-07-18 02:29:03',NULL),(463,'15320901680103','周鹏帮','15320901680103@usts.edu.com','320922199512237312','1c837e43b31154235f01405ab3a5d972','',NULL,'2016-07-18 02:29:03',NULL),(464,'15320901680515','孙启文','15320901680515@usts.edu.com','320924199702198521','c544e3ae2e1f6769f3feebce45478598','',NULL,'2016-07-18 02:29:03',NULL),(465,'15320901680749','刘欣怡','15320901680749@usts.edu.com','320902199708073027','d4ee62df9ab93be69eaff25b1a332b4e','',NULL,'2016-07-18 02:29:03',NULL),(466,'15320901681277','郭景馨','15320901681277@usts.edu.com','320902199712201028','11fc593b45af2d3ba6b84878a4b36402','',NULL,'2016-07-18 02:29:03',NULL),(467,'15320901681361','唐薇','15320901681361@usts.edu.com','320902199706303060','d0ab1c3037045226b391bd6860c2cbad','',NULL,'2016-07-18 02:29:03',NULL),(468,'15320921680034','王聪聪','15320921680034@usts.edu.com','32092119960920633X','034b754e3afada2b99a254a3c8816301','',NULL,'2016-07-18 02:29:03',NULL),(469,'15320921680074','王雅洁','15320921680074@usts.edu.com','320921199711152024','3ef76c997de04590eab063a8731e78d4','',NULL,'2016-07-18 02:29:03',NULL),(470,'15320921680091','潘灿煌','15320921680091@usts.edu.com','320921199807247116','cd8346d519d16c45c1c8f79642d3fb62','',NULL,'2016-07-18 02:29:03',NULL),(471,'15320921680097','田光明','15320921680097@usts.edu.com','320921199708316315','92dfdb7f37147c2da093a0924cc36358','',NULL,'2016-07-18 02:29:03',NULL),(472,'15320921680100','倪嘉露','15320921680100@usts.edu.com','320921199804262046','7eba95e381c82d1a2d4d43aaabaab012','',NULL,'2016-07-18 02:29:03',NULL),(473,'15320921680121','吴虹','15320921680121@usts.edu.com','320921199710035926','19b1bbbecdac183e14d27c5c4b07b06b','',NULL,'2016-07-18 02:29:03',NULL),(474,'15320921680148','纪金娥','15320921680148@usts.edu.com','320921199712095922','056a7794bd7136222dbf531d4c26d5ce','',NULL,'2016-07-18 02:29:03',NULL),(475,'15320922680026','程沁雪','15320922680026@usts.edu.com','32092219960812112X','82445050cd69d06ee766994a016bdabb','',NULL,'2016-07-18 02:29:03',NULL),(476,'15320922680694','凌加胜','15320922680694@usts.edu.com','320922199806186856','59cac844b01b998af84deb7b0077a342','',NULL,'2016-07-18 02:29:03',NULL),(477,'15320923670014','周将军','15320923670014@usts.edu.com','320923199605245457','979bdc1e41323dabe04c604baa35dab2','',NULL,'2016-07-18 02:29:03',NULL),(478,'15320923670074','孙昌宇','15320923670074@usts.edu.com','320923199711151518','40c2d9eb1fe6eb5783bbcf60eebdb509','',NULL,'2016-07-18 02:29:03',NULL),(479,'15320923670219','殷陈泽','15320923670219@usts.edu.com','320923199711023014','6f21682567e3ee2fcb97635cfec28c77','',NULL,'2016-07-18 02:29:03',NULL),(480,'15320923680136','黄越','15320923680136@usts.edu.com','320923199712240045','f821c8dc91f200e110f1554836322bd9','',NULL,'2016-07-18 02:29:03',NULL),(481,'15320923680286','邵玮','15320923680286@usts.edu.com','320923199802196025','a14168509149c8d4b0d34451367d0148','',NULL,'2016-07-18 02:29:03',NULL),(482,'15320924670007','顾叶','15320924670007@usts.edu.com','320924199606151061','818ccbbd92dae8e150ff1f19984a57e1','',NULL,'2016-07-18 02:29:03',NULL),(483,'15320924680654','郭汉慧','15320924680654@usts.edu.com','32092419970110612X','ec9c400b644f28e57a86068ee771be2c','',NULL,'2016-07-18 02:29:03',NULL),(484,'15320925680053','陈金玉','15320925680053@usts.edu.com','320925199710082525','5c2f250b5ef75a1c85dc1ede74a9f230','',NULL,'2016-07-18 02:29:03',NULL),(485,'15320925680084','刘琦','15320925680084@usts.edu.com','320925199712182837','d47f0ee1dbd30bcaa96115cecb5890ed','',NULL,'2016-07-18 02:29:03',NULL),(486,'15320925680089','周思雨','15320925680089@usts.edu.com','320925199807156746','e6ad869ca96785a2af9092f56d5f5824','',NULL,'2016-07-18 02:29:03',NULL),(487,'15320925680092','周婕','15320925680092@usts.edu.com','32092519971030006X','fedb99d6c131bae3c5715175f98bdced','',NULL,'2016-07-18 02:29:03',NULL),(488,'15320925680136','孟宏志','15320925680136@usts.edu.com','32092519971114146X','2fa9171dd9fa5b3327d91400c6f90619','',NULL,'2016-07-18 02:29:03',NULL),(489,'15320925680191','王玉','15320925680191@usts.edu.com','32092519970828542X','6702324dea5075338250668790800cf7','',NULL,'2016-07-18 02:29:03',NULL),(490,'15320928680127','张茵茵','15320928680127@usts.edu.com','320902199708178021','981dfe0c2fa9e60e6595d7af717d7057','',NULL,'2016-07-18 02:29:03',NULL),(491,'15320928680151','史传盛','15320928680151@usts.edu.com','320901199707250013','5de1443bad4044d3e7a0eeaea5d9ab09','',NULL,'2016-07-18 02:29:03',NULL),(492,'15320928680154','夏宏华','15320928680154@usts.edu.com','320928199710053117','018a71b434c003590b664b7c06dd36ea','',NULL,'2016-07-18 02:29:03',NULL),(493,'15320928680233','王一凡','15320928680233@usts.edu.com','320902199706270019','288d9c2137a41639a4e6b36dcaf81384','',NULL,'2016-07-18 02:29:03',NULL),(494,'15320928680244','陈文艳','15320928680244@usts.edu.com','320902199710087524','b139325194e11062248495ebf748cc9b','',NULL,'2016-07-18 02:29:03',NULL),(495,'15320928680276','商炜','15320928680276@usts.edu.com','320925199801260024','92af42063d630666d36a8613112f6e35','',NULL,'2016-07-18 02:29:03',NULL),(496,'15320928680378','查亭玉','15320928680378@usts.edu.com','320902199711298526','da4b6e06fbfb03258d00f5dd75942f4d','',NULL,'2016-07-18 02:29:03',NULL),(497,'15320928680609','杨静','15320928680609@usts.edu.com','320911199701290922','41facbfa6bf7db3e1aa254913e9e31d4','',NULL,'2016-07-18 02:29:03',NULL),(498,'15320981670075','张瑞丽','15320981670075@usts.edu.com','320981199611073229','8f3ad0881c3ecc1c01523858d8ce9879','',NULL,'2016-07-18 02:29:03',NULL),(499,'15320981680006','周舟','15320981680006@usts.edu.com','320981199608110463','b73a756425c09de17721546e32de84d1','',NULL,'2016-07-18 02:29:03',NULL),(500,'15320981680097','郑维','15320981680097@usts.edu.com','320981199702190471','6b30007b92daba5a7b9b59532ca925a8','',NULL,'2016-07-18 02:29:03',NULL),(501,'15320981680203','李玉婷','15320981680203@usts.edu.com','320981199709272007','175bbc6bed963b4e73ef0271f1a39483','',NULL,'2016-07-18 02:29:03',NULL),(502,'15320981680204','邓涵','15320981680204@usts.edu.com','320981199704040469','cb152b5169ae98f7a78722b2f47247bf','',NULL,'2016-07-18 02:29:03',NULL),(503,'15320981680217','周杨','15320981680217@usts.edu.com','320981199702288823','70f1cdc5f22bb699cc507758b75e726f','',NULL,'2016-07-18 02:29:03',NULL),(504,'15320981680315','杨朵','15320981680315@usts.edu.com','32098119971118046X','6264e78cc27b6854622feaf7eead8191','',NULL,'2016-07-18 02:29:03',NULL),(505,'15320981680343','何梦琦','15320981680343@usts.edu.com','320981199704155469','949a7c746713c0ef80d67082fa12fc93','',NULL,'2016-07-18 02:29:03',NULL),(506,'15320982680103','张馨','15320982680103@usts.edu.com','32092619970414006X','54b09835442fb9de13e0aa97ec2d7565','',NULL,'2016-07-18 02:29:03',NULL),(507,'15320982680107','陈少青','15320982680107@usts.edu.com','320982199612234027','c329ece59289e5c8f7c0b85b134290d1','',NULL,'2016-07-18 02:29:03',NULL),(508,'15320982680117','柏媛媛','15320982680117@usts.edu.com','320982199708167228','7aa1ab24ab03e3954408569305e124c9','',NULL,'2016-07-18 02:29:03',NULL),(509,'15320982680254','袁宇','15320982680254@usts.edu.com','320981199712198821','a93b62f13a88fe1db0615f556fc8a0b3','',NULL,'2016-07-18 02:29:03',NULL),(510,'15320982680909','胡倩','15320982680909@usts.edu.com','32098219971007002X','baf3aa55050d08848e38171603a9ba9f','',NULL,'2016-07-18 02:29:03',NULL),(511,'15321001670055','张雪','15321001670055@usts.edu.com','321002199702047620','8ba5e9bee4d4790d883492827c20b2c4','',NULL,'2016-07-18 02:29:03',NULL),(512,'15321001670238','蒋艺','15321001670238@usts.edu.com','321027199611286623','ccb3b07e2f216e20b69ed0c93de930df','',NULL,'2016-07-18 02:29:03',NULL),(513,'15321001670491','束玥','15321001670491@usts.edu.com','321027199711075145','4cca6c256bff15fe5475519ccd51af77','',NULL,'2016-07-18 02:29:03',NULL),(514,'15321001680017','朱志燕','15321001680017@usts.edu.com','321081199610082424','62bac8486932c569ea2dc98a9bcf9f72','',NULL,'2016-07-18 02:29:03',NULL),(515,'15321001680106','叶梓','15321001680106@usts.edu.com','321002199701070028','f79917f4555d5914daf47097306f44aa','',NULL,'2016-07-18 02:29:03',NULL),(516,'15321001680161','万浩','15321001680161@usts.edu.com','321088199701067726','dbcd6e0f7d7e4f52b3eaaf3e39d85372','',NULL,'2016-07-18 02:29:03',NULL),(517,'15321001680255','陈旭','15321001680255@usts.edu.com','321027199708076323','fbd741af4e895965800c3d3a6c12d211','',NULL,'2016-07-18 02:29:03',NULL),(518,'15321001680266','阮芷沁','15321001680266@usts.edu.com','321002199610183326','fc66f237d41ed591c661fa69d30c1392','',NULL,'2016-07-18 02:29:03',NULL),(519,'15321001680282','郑雅妮','15321001680282@usts.edu.com','320830199708273643','6505ef37c803766ac5f21e6dd5029015','',NULL,'2016-07-18 02:29:03',NULL),(520,'15321001680374','孟浩','15321001680374@usts.edu.com','321002199612155812','74120f87047d41e3f84c20d25c3cb5b4','',NULL,'2016-07-18 02:29:03',NULL),(521,'15321001680482','杨振林','15321001680482@usts.edu.com','321023199611272613','62a02836818098b5c21b612427c61f51','',NULL,'2016-07-18 02:29:03',NULL),(522,'15321001680528','乐钰雯','15321001680528@usts.edu.com','321023199709063027','d78332fd28aa3bce061fbd9979ce1571','',NULL,'2016-07-18 02:29:03',NULL),(523,'15321001680988','陈宇星','15321001680988@usts.edu.com','321027199707044549','5b24f5238e60740f313a5fd7f84be253','',NULL,'2016-07-18 02:29:03',NULL),(524,'15321001681121','王昌杰','15321001681121@usts.edu.com','321027199705260619','5183fc5be4f495c55b62792f4cd32904','',NULL,'2016-07-18 02:29:03',NULL),(525,'15321023670001','王恒玉','15321023670001@usts.edu.com','32102319960221442X','886764105c3476b7fa191c4c56f1f1fb','',NULL,'2016-07-18 02:29:03',NULL),(526,'15321023670007','顾健','15321023670007@usts.edu.com','321023199509172624','8c78af68858c1d7bac064072c03c89ed','',NULL,'2016-07-18 02:29:03',NULL),(527,'15321023670187','强蔷','15321023670187@usts.edu.com','32102319970720181X','0a93976ecb14df1545b4846e326c662d','',NULL,'2016-07-18 02:29:03',NULL),(528,'15321023670320','房红霞','15321023670320@usts.edu.com','321023199709192865','afb46cea8720c2e34b40a1eb93d881e0','',NULL,'2016-07-18 02:29:03',NULL),(529,'15321023680064','问静','15321023680064@usts.edu.com','321023199508132225','33ef0c538a417e59a716e70d681e3057','',NULL,'2016-07-18 02:29:03',NULL),(530,'15321023680094','郭蒙蒙','15321023680094@usts.edu.com','321023199702213221','024d117ee0f5ddd74e5891fc40ee1c43','',NULL,'2016-07-18 02:29:03',NULL),(531,'15321023680132','刘伶俐','15321023680132@usts.edu.com','321023199612080242','5058088fe382e5f2b77b1b1730b33e83','',NULL,'2016-07-18 02:29:03',NULL),(532,'15321023680284','陈淑怡','15321023680284@usts.edu.com','321023199703150023','338bbf3b12af106d88eb32e03ec47e8c','',NULL,'2016-07-18 02:29:03',NULL),(533,'15321023680288','朱琳','15321023680288@usts.edu.com','321023199703090024','cd8159127c82d554d644cef1cfcc09d4','',NULL,'2016-07-18 02:29:03',NULL),(534,'15321023680302','曹志欣','15321023680302@usts.edu.com','321023199704030226','fffd4a324a6460c591757b80b5b0ba7f','',NULL,'2016-07-18 02:29:03',NULL),(535,'15321023680303','李妍','15321023680303@usts.edu.com','321023199704020829','2fd54f37baff29806c4082e24e814bc5','',NULL,'2016-07-18 02:29:03',NULL),(536,'15321023680314','嵇雯静','15321023680314@usts.edu.com','321023199611050025','eceb876580270f4be2ce510196767d02','',NULL,'2016-07-18 02:29:03',NULL),(537,'15321023680354','顾青阳','15321023680354@usts.edu.com','321023199608281017','3b8274e7b381caba0ec3fc7ada808e02','',NULL,'2016-07-18 02:29:03',NULL),(538,'15321023680367','房源','15321023680367@usts.edu.com','321023199704165411','a9c4a449b50897cabe7c1d6f590e589d','',NULL,'2016-07-18 02:29:03',NULL),(539,'15321023680401','胡慧民','15321023680401@usts.edu.com','321023199702126822','1cfcb49d87a8b122d3f7dac727d713ac','',NULL,'2016-07-18 02:29:03',NULL),(540,'15321023680481','孔祥静','15321023680481@usts.edu.com','321023199710282227','a0d49af578d6e451379e3340ce2098c0','',NULL,'2016-07-18 02:29:03',NULL),(541,'15321023680545','陈秋娅','15321023680545@usts.edu.com','321023199610184427','0b4868861269e78d0ec33885826828d4','',NULL,'2016-07-18 02:29:03',NULL),(542,'15321023680701','朱志豪','15321023680701@usts.edu.com','321023199607045813','be55727dbc2e1ce2b7a392239c61e206','',NULL,'2016-07-18 02:29:03',NULL),(543,'15321027670040','花悦玥','15321027670040@usts.edu.com','321002199707211549','bbb2649109bdfdebaf02578787f703b6','',NULL,'2016-07-18 02:29:03',NULL),(544,'15321027670212','陈彦靓','15321027670212@usts.edu.com','32102719971127542X','f20aa0fe5da50da7a9990e6fdeb358aa','',NULL,'2016-07-18 02:29:03',NULL),(545,'15321027670239','许茹','15321027670239@usts.edu.com','321027199710314220','6d647c2f35c642a7fed8e8fe4cc1ad75','',NULL,'2016-07-18 02:29:03',NULL),(546,'15321027680009','陈晨','15321027680009@usts.edu.com','321011199704190929','cf6aa0bdb095675e34dcf029659ecd71','',NULL,'2016-07-18 02:29:03',NULL),(547,'15321027680032','王馨若','15321027680032@usts.edu.com','321027199711141245','74cefd6a7922099952603048bad114b9','',NULL,'2016-07-18 02:29:03',NULL),(548,'15321027680034','王悦','15321027680034@usts.edu.com','321027199612131527','5d5bcd33916fca966316c6d263bc729e','',NULL,'2016-07-18 02:29:03',NULL),(549,'15321027680278','贾凯','15321027680278@usts.edu.com','342601199708226831','1609f20c1249631319d83f0814ad9ebe','',NULL,'2016-07-18 02:29:03',NULL),(550,'15321081670003','杨柳','15321081670003@usts.edu.com','321081199605010047','ded2f434ff1769ec70ec73ee909635bf','',NULL,'2016-07-18 02:29:03',NULL),(551,'15321081680018','姜婧文','15321081680018@usts.edu.com','321081199608168421','a5aab63ad002862c80046c2bc38135a0','',NULL,'2016-07-18 02:29:03',NULL),(552,'15321081680563','孔令佳','15321081680563@usts.edu.com','321081199712157829','60af7d580a0e86a724ff3752fbee6196','',NULL,'2016-07-18 02:29:03',NULL),(553,'15321081680571','高晓恬','15321081680571@usts.edu.com','321081199703137826','e14476c2f735fe76145d44ac5c68e306','',NULL,'2016-07-18 02:29:03',NULL),(554,'15321081680693','焦艳','15321081680693@usts.edu.com','321081199611173029','ad02d2b5ebf696d9fa7b876da8ff2d24','',NULL,'2016-07-18 02:29:03',NULL),(555,'15321081680752','魏安妮','15321081680752@usts.edu.com','321081199708048427','a67fed2f82f120f0917d19c1b3686898','',NULL,'2016-07-18 02:29:03',NULL),(556,'15321084680084','徐丽','15321084680084@usts.edu.com','321084199609102423','85b406cacc5f86647f0b875ae926e527','',NULL,'2016-07-18 02:29:03',NULL),(557,'15321084680104','宋泽顺','15321084680104@usts.edu.com','321084199612215015','9cb6b4bce56dcc28a8e4176e625944cc','',NULL,'2016-07-18 02:29:03',NULL),(558,'15321084680170','姚巍','15321084680170@usts.edu.com','321084199712012629','d0db70efccdc40b00088bed9664bd800','',NULL,'2016-07-18 02:29:03',NULL),(559,'15321084680227','王任飞','15321084680227@usts.edu.com','321084199703290010','b74ad31c06e78541b8402d432933a11b','',NULL,'2016-07-18 02:29:03',NULL),(560,'15321084680284','吕岚','15321084680284@usts.edu.com','321084199709173624','ab8bfd12036545b42ae06c6a186d994a','',NULL,'2016-07-18 02:29:03',NULL),(561,'15321084680314','张静','15321084680314@usts.edu.com','32108419970723004X','155a5d72990c6f4e1a8d6b8e2906fd2b','',NULL,'2016-07-18 02:29:03',NULL),(562,'15321084680317','陈涵','15321084680317@usts.edu.com','321084199701130021','53c341216dbd6bebb000ad6ef94555dc','',NULL,'2016-07-18 02:29:03',NULL),(563,'15321084680345','徐函','15321084680345@usts.edu.com','321084199706247026','51853727e6060a16c6789d093757b1ee','',NULL,'2016-07-18 02:29:03',NULL),(564,'15321084680347','李沁','15321084680347@usts.edu.com','321084199704060022','8253c7fed98dac3887b5470b480d9a6e','',NULL,'2016-07-18 02:29:03',NULL),(565,'15321084680538','杨慧','15321084680538@usts.edu.com','321084199609233220','eeed0b5ca7d74e3c7c55e5a4fc14a449','',NULL,'2016-07-18 02:29:03',NULL),(566,'15321084680700','周英睿','15321084680700@usts.edu.com','321084199701100025','b3ca3d686bd0dee98b92dbe5f454226c','',NULL,'2016-07-18 02:29:03',NULL),(567,'15321084681283','王凯','15321084681283@usts.edu.com','320829199709092275','e14e392a7b2803bedf4406f397c78dee','',NULL,'2016-07-18 02:29:03',NULL),(568,'15321088670077','陆苏影','15321088670077@usts.edu.com','321088199704217128','5596b00feaa2d48c3daaff55038898b7','',NULL,'2016-07-18 02:29:03',NULL),(569,'15321088680055','杨紫薇','15321088680055@usts.edu.com','321088199610132748','9c944fd170ca89cbe6ff679e7726617b','',NULL,'2016-07-18 02:29:03',NULL),(570,'15321088680066','熊雪','15321088680066@usts.edu.com','321088199601155286','ac0136e7df7b99b348750fa18ccb24e6','',NULL,'2016-07-18 02:29:03',NULL),(571,'15321088680139','张静雨','15321088680139@usts.edu.com','321088199704204327','fb45d4957cb75e4bdc063e71895e3431','',NULL,'2016-07-18 02:29:03',NULL),(572,'15321088680141','季之楠','15321088680141@usts.edu.com','321088199706144866','8406ab96aaf78255d15d85a2886b9d51','',NULL,'2016-07-18 02:29:03',NULL),(573,'15321088680184','沈安妮','15321088680184@usts.edu.com','321088199611262747','3a0b13d91e62f2d10dc48d1b9313a0ad','',NULL,'2016-07-18 02:29:03',NULL),(574,'15321088680198','李阳','15321088680198@usts.edu.com','321088199701262222','43f92add91a655e7a28a2af1b6a953eb','',NULL,'2016-07-18 02:29:03',NULL),(575,'15321088680367','魏红莉','15321088680367@usts.edu.com','320325199603268065','48f4c99faf51fdf97e628c8101597cfc','',NULL,'2016-07-18 02:29:03',NULL),(576,'15321088680581','史琦洁','15321088680581@usts.edu.com','321088199711067121','0024679cc7271b40647d9bbd412336d9','',NULL,'2016-07-18 02:29:03',NULL),(577,'15321088680617','石微子','15321088680617@usts.edu.com','321088199801226122','d10c539921f39582853fb46942730ba5','',NULL,'2016-07-18 02:29:03',NULL),(578,'15321088681055','赵艺文','15321088681055@usts.edu.com','321084199610062844','28d62d28ca6994acacfd9eb1f880a466','',NULL,'2016-07-18 02:29:03',NULL),(579,'15321088681059','詹静萌','15321088681059@usts.edu.com','321088199710018184','8692d3d73ceb56d855da7d8769ee710d','',NULL,'2016-07-18 02:29:03',NULL),(580,'15321088681189','许碧碧','15321088681189@usts.edu.com','321088199707125106','e020204bf4648344441354d38c8c2ee4','',NULL,'2016-07-18 02:29:03',NULL),(581,'15321101670079','步星怡','15321101670079@usts.edu.com','321111199704222324','284cd613f23b6e888ca439f32d23a3b7','',NULL,'2016-07-18 02:29:03',NULL),(582,'15321101670085','金悦','15321101670085@usts.edu.com','32081119960703402X','57e2ae785f8b690bde663b6e7522440e','',NULL,'2016-07-18 02:29:03',NULL),(583,'15321101680376','刘颖','15321101680376@usts.edu.com','321102199704305721','bc8133ac44cf9d1afeee4836da64f41c','',NULL,'2016-07-18 02:29:03',NULL),(584,'15321101680900','邓瑾瑜','15321101680900@usts.edu.com','321102199703300427','adc5774ec9402b44173272c79f38e3c5','',NULL,'2016-07-18 02:29:03',NULL),(585,'15321101681017','姚澍婷','15321101681017@usts.edu.com','321102199701251027','2f6bc096f1382a5ed8e32e2f91173d63','',NULL,'2016-07-18 02:29:03',NULL),(586,'15321121680045','陈晨','15321121680045@usts.edu.com','321121199702184822','6bb0ba646c55f26e68c5082b99628a8b','',NULL,'2016-07-18 02:29:03',NULL),(587,'15321121680054','汤楚彤','15321121680054@usts.edu.com','321121199609210029','fb13d747112cd3a4a1492ac1fad7ecb4','',NULL,'2016-07-18 02:29:03',NULL),(588,'15321121680089','朱莉平','15321121680089@usts.edu.com','321121199709146327','1ff111e07993f9744e1895996dbff02f','',NULL,'2016-07-18 02:29:03',NULL),(589,'15321181670317','曾志浩','15321181670317@usts.edu.com','51302319960806671X','ddde429436a882a803fc004cb9db21bb','',NULL,'2016-07-18 02:29:03',NULL),(590,'15321181670345','陈妍','15321181670345@usts.edu.com','321181199703036764','2c181320d882b03e18a40ffcc36b653f','',NULL,'2016-07-18 02:29:03',NULL),(591,'15321181680020','李雅妮','15321181680020@usts.edu.com','331082199506249202','77404e0f5af05ed5e797c3d47e79f4ba','',NULL,'2016-07-18 02:29:03',NULL),(592,'15321181680073','黄晨燕','15321181680073@usts.edu.com','32118119970303702X','7cbe30d89a4752f0c06c62c315caae9f','',NULL,'2016-07-18 02:29:03',NULL),(593,'15321181680083','周曼玲','15321181680083@usts.edu.com','321181199703245187','832e45a45cec55b5b946fad6fcdae0ff','',NULL,'2016-07-18 02:29:03',NULL),(594,'15321181680121','王梦琳','15321181680121@usts.edu.com','321181199711040229','b91afdb96ef9e807c3e8d6a8baf4b3fd','',NULL,'2016-07-18 02:29:03',NULL),(595,'15321181680124','黄子凌','15321181680124@usts.edu.com','370705199708080021','03f1d63c3f7dd8d677a0431c9abc1a0f','',NULL,'2016-07-18 02:29:03',NULL),(596,'15321181680132','周洁','15321181680132@usts.edu.com','321181199707287026','a3e554365ff10a11ae0239fbb5a60962','',NULL,'2016-07-18 02:29:03',NULL),(597,'15321181680152','陈盛','15321181680152@usts.edu.com','321181199611173796','5ee7fa634e6a8a6a4d833df793c607ca','',NULL,'2016-07-18 02:29:03',NULL),(598,'15321181680493','孙佳恬','15321181680493@usts.edu.com','321181199703170226','02d0e161b89d5b5ec575cf47482485df','',NULL,'2016-07-18 02:29:03',NULL),(599,'15321181680498','武元','15321181680498@usts.edu.com','32118119961103282X','02d2b1719bed9b7ea70d0e8cd85f343c','',NULL,'2016-07-18 02:29:03',NULL),(600,'15321181680499','许雁','15321181680499@usts.edu.com','32118119970210004X','4764bde35321ba36a53475667cf3526e','',NULL,'2016-07-18 02:29:03',NULL),(601,'15321181680500','姜佳慧','15321181680500@usts.edu.com','321181199702071525','8f1f244dc6d151e135d3e3a3eab6450e','',NULL,'2016-07-18 02:29:03',NULL),(602,'15321181680512','史欢欢','15321181680512@usts.edu.com','321181199709172820','e2be598b41046533118f647e1842ef6d','',NULL,'2016-07-18 02:29:03',NULL),(603,'15321181680589','笪文倩','15321181680589@usts.edu.com','321181199708240422','b16db903a804cc9edf5d3c6f43fbeab3','',NULL,'2016-07-18 02:29:03',NULL),(604,'15321181680725','黄岩','15321181680725@usts.edu.com','321181199801168613','0934d2a27b3339cc22ac23dfad03438a','',NULL,'2016-07-18 02:29:03',NULL),(605,'15321181680767','张青倩','15321181680767@usts.edu.com','320921199712267544','77c28aacdb59cae9f96d9f4d470e4193','',NULL,'2016-07-18 02:29:03',NULL),(606,'15321181680772','金佳鑫','15321181680772@usts.edu.com','321181199611144370','40d633fe0f35ab89237aa124f0e901ba','',NULL,'2016-07-18 02:29:03',NULL),(607,'15321181680816','刘卓琳','15321181680816@usts.edu.com','321181199709275184','6507c66520ab2f065e6172be6687beb2','',NULL,'2016-07-18 02:29:03',NULL),(608,'15321181680817','季甜','15321181680817@usts.edu.com','321181199712206323','17ab744dd800953c09110542dd4476d1','',NULL,'2016-07-18 02:29:03',NULL),(609,'15321181680830','高倩','15321181680830@usts.edu.com','321181199704030225','4158a6b7e1d6589d924d0cc6d75f6849','',NULL,'2016-07-18 02:29:03',NULL),(610,'15321181680917','毛凌飞','15321181680917@usts.edu.com','321181199709111518','7323ba64acc08d3f5d79fd54c42facf3','',NULL,'2016-07-18 02:29:03',NULL),(611,'15321181680932','韦芸','15321181680932@usts.edu.com','321181199610041847','9277a545963ef5ef051f0dde3958a288','',NULL,'2016-07-18 02:29:03',NULL),(612,'15321181680936','吴艳琳','15321181680936@usts.edu.com','321181199611161269','d2f9f57af8bf86480f540de1db6ed362','',NULL,'2016-07-18 02:29:03',NULL),(613,'15321181680941','虞雅棠','15321181680941@usts.edu.com','321181199708080027','d6719e5947f33f9b474324bb7bfc4392','',NULL,'2016-07-18 02:29:03',NULL),(614,'15321181680971','彭嘉应','15321181680971@usts.edu.com','321181199707190232','cda4c2c4896c93920f1103bfc87133e6','',NULL,'2016-07-18 02:29:03',NULL),(615,'15321181680975','眭丽丽','15321181680975@usts.edu.com','321181199708263165','7a4a49e43aa0b9f7e738a47739b5d84e','',NULL,'2016-07-18 02:29:03',NULL),(616,'15321181681031','王仁杰','15321181681031@usts.edu.com','321181199512292079','7c5e54bd954eb7cdd4d8f43cc00258fb','',NULL,'2016-07-18 02:29:03',NULL),(617,'15321182680085','曹强美','15321182680085@usts.edu.com','321182199706150526','fc2e62c70047d8faa1d7e2c47c3fd081','',NULL,'2016-07-18 02:29:03',NULL),(618,'15321182680119','丁浩澜','15321182680119@usts.edu.com','321182199610090020','3a01dcd7c339f17b3f3980a0f0cbe499','',NULL,'2016-07-18 02:29:03',NULL),(619,'15321182680169','朱莹','15321182680169@usts.edu.com','321182199708011423','51f3b5e02c94cbf138afd639f095c218','',NULL,'2016-07-18 02:29:03',NULL),(620,'15321182680427','汪菲杨','15321182680427@usts.edu.com','321182199709020049','14c4c36fa1a7e7b9f19c634ec3b7ebf8','',NULL,'2016-07-18 02:29:03',NULL),(621,'15321183670009','王墨','15321183670009@usts.edu.com','321183199610145323','ad1e89c97a133f083a310766fcd23499','',NULL,'2016-07-18 02:29:03',NULL),(622,'15321183680031','王一童','15321183680031@usts.edu.com','321183199605312027','d0d660b9f6ea9506f88d1288fb7d06ce','',NULL,'2016-07-18 02:29:03',NULL),(623,'15321183680222','周祥','15321183680222@usts.edu.com','321183199712294813','a7c24235ccd3dead331ac213fe058edf','',NULL,'2016-07-18 02:29:03',NULL),(624,'15321183680300','蔡鑫','15321183680300@usts.edu.com','321183199611094812','4ad7daa8dccdcc1ed4ce0beb0412479a','',NULL,'2016-07-18 02:29:03',NULL),(625,'15321183680357','向俊','15321183680357@usts.edu.com','321183199711185121','11646b52ba51fabe4489fe8d0346ee7b','',NULL,'2016-07-18 02:29:03',NULL),(626,'15321183680431','张珊','15321183680431@usts.edu.com','321183199711044820','0faad92f7b6d81256f168b3ea828f3e0','',NULL,'2016-07-18 02:29:03',NULL),(627,'15321202680194','陆青青','15321202680194@usts.edu.com','320922199604298120','542f584e1818e4e1caa1a84e4ba56172','',NULL,'2016-07-18 02:29:03',NULL),(628,'15321202680233','郗逸璠','15321202680233@usts.edu.com','321202199703260029','fbf2196faddc0cbef2e217c8b9fb6545','',NULL,'2016-07-18 02:29:03',NULL),(629,'15321202680356','顾诗宇','15321202680356@usts.edu.com','321202199611140361','70f08032a890d8b9044761f380dacb45','',NULL,'2016-07-18 02:29:03',NULL),(630,'15321202680381','王宇宸','15321202680381@usts.edu.com','321202199708151227','8ac1262699ce9d821cae9a1ecc61b895','',NULL,'2016-07-18 02:29:03',NULL),(631,'15321202680393','李宓','15321202680393@usts.edu.com','32120219980511062X','ab7201f6114a6070afe03b1eba8223b4','',NULL,'2016-07-18 02:29:03',NULL),(632,'15321202680525','黄立伟','15321202680525@usts.edu.com','321202199609072718','af1bea88038603eed498dd9141c3a828','',NULL,'2016-07-18 02:29:03',NULL),(633,'15321281680140','蒋菲','15321281680140@usts.edu.com','321281199802111884','7bfdb93c10299a42e1a6c87a01ec7d11','',NULL,'2016-07-18 02:29:03',NULL),(634,'15321281680280','周玉婷','15321281680280@usts.edu.com','321281199509085023','17eccb95c6de5d0b5c40106f5ddc477a','',NULL,'2016-07-18 02:29:03',NULL),(635,'15321281680365','李蕊','15321281680365@usts.edu.com','321281199706050508','f46c3539513c84d56389a8c916cc049a','',NULL,'2016-07-18 02:29:03',NULL),(636,'15321281680841','曹慧','15321281680841@usts.edu.com','321281199702163222','f7ed4f1510fe8e57753a46fa671bc3c1','',NULL,'2016-07-18 02:29:03',NULL),(637,'15321281680855','董琳琳','15321281680855@usts.edu.com','321281199711050924','1a9b85ca624e345f57891e745be96e36','',NULL,'2016-07-18 02:29:03',NULL),(638,'15321281680864','许宇培','15321281680864@usts.edu.com','321281199612288267','22d756b0b75cd9151a48b2ed1ad852bb','',NULL,'2016-07-18 02:29:03',NULL),(639,'15321281680963','高雅','15321281680963@usts.edu.com','32128119971126210X','a99153a01f38dbcaefff66b744229e3d','',NULL,'2016-07-18 02:29:03',NULL),(640,'15321282670165','刘诗雨','15321282670165@usts.edu.com','321282199801170424','f92e4b9c27b6311c40327d8889ebc67a','',NULL,'2016-07-18 02:29:03',NULL),(641,'15321282680017','蒋文妍','15321282680017@usts.edu.com','32128219960903262X','1f42a84fa0a98e4c088acfbda5a7db32','',NULL,'2016-07-18 02:29:03',NULL),(642,'15321282680229','季雨欣','15321282680229@usts.edu.com','32128219970625382X','f28784bd8c10d60ce78c38cfcbdf3206','',NULL,'2016-07-18 02:29:03',NULL),(643,'15321282680484','龚心钰','15321282680484@usts.edu.com','321282199611230123','6ec19c2caee52e42eac23d9f011b5dd8','',NULL,'2016-07-18 02:29:03',NULL),(644,'15321282680580','戴月','15321282680580@usts.edu.com','321283199706151029','336839b272e11ab619ed641498c67ee3','',NULL,'2016-07-18 02:29:03',NULL),(645,'15321282680584','唐鑫梦','15321282680584@usts.edu.com','32128219971217524X','2324b823037a6b37a111683baaa50a54','',NULL,'2016-07-18 02:29:03',NULL),(646,'15321282680590','张湲','15321282680590@usts.edu.com','321282199710160060','297d69c38dbd583ed0fe4605615c2244','',NULL,'2016-07-18 02:29:03',NULL),(647,'15321282680593','薛雯静','15321282680593@usts.edu.com','321282199610180021','8cc0f546dd01585d762a0b65dba25528','',NULL,'2016-07-18 02:29:03',NULL),(648,'15321282680640','徐婕','15321282680640@usts.edu.com','321282199712032820','0a1a171055b5f900b404cb754844aa03','',NULL,'2016-07-18 02:29:03',NULL),(649,'15321282680688','苏琴','15321282680688@usts.edu.com','321282199603150625','b0c0e3387ef5496ba96d9d5aae81990e','',NULL,'2016-07-18 02:29:03',NULL),(650,'15321283670012','侯益凡','15321283670012@usts.edu.com','321201199603190418','8f4f9f70d76db3897eb80d3581c4cf2d','',NULL,'2016-07-18 02:29:03',NULL),(651,'15321283670014','印舒洋','15321283670014@usts.edu.com','321283199606136622','def632bb80889a9eb3a92cbd705de4ed','',NULL,'2016-07-18 02:29:03',NULL),(652,'15321283670050','钱玉斌','15321283670050@usts.edu.com','321283199512282637','e48bab7ddb58c842b9992d422b9f9543','',NULL,'2016-07-18 02:29:03',NULL),(653,'15321283670064','武志滢','15321283670064@usts.edu.com','321283199608231447','5b42ae62ed2dd786cbbf99f1de8c8ccc','',NULL,'2016-07-18 02:29:03',NULL),(654,'15321283670081','王璨','15321283670081@usts.edu.com','321283199701289029','ba2ff4e7633c02b600fee52c48163e90','',NULL,'2016-07-18 02:29:03',NULL),(655,'15321283670163','陈冬岩','15321283670163@usts.edu.com','321283199612304012','5b8f3ac5ff320446c0f7306091766f5c','',NULL,'2016-07-18 02:29:03',NULL),(656,'15321283670185','何瑾','15321283670185@usts.edu.com','321283199612133647','889919f61dfe6b10c4dab18b8aec69f1','',NULL,'2016-07-18 02:29:03',NULL),(657,'15321283680066','唐露兰','15321283680066@usts.edu.com','321283199705069023','7d550942347da6efaec8d0f4fbcc8047','',NULL,'2016-07-18 02:29:03',NULL),(658,'15321283680068','戴颖','15321283680068@usts.edu.com','321283199612124820','2c9d5dcfab557645fa6fc75721b05fb1','',NULL,'2016-07-18 02:29:03',NULL),(659,'15321283680203','黄肖','15321283680203@usts.edu.com','321283199703022627','6f8eedf7ba838484246b54f32e07ff4e','',NULL,'2016-07-18 02:29:03',NULL),(660,'15321283680361','朱妍','15321283680361@usts.edu.com','321283199701045120','95587171968a20fe10e5f0644fc0366b','',NULL,'2016-07-18 02:29:03',NULL),(661,'15321283680384','胡靖','15321283680384@usts.edu.com','32128319970428002X','0051abe694623de9100f19588de05b61','',NULL,'2016-07-18 02:29:03',NULL),(662,'15321283680423','朱梓铭','15321283680423@usts.edu.com','321283199702070037','e60e42b510139ee15a9909400e44e76b','',NULL,'2016-07-18 02:29:03',NULL),(663,'15321283680462','蔡瑶','15321283680462@usts.edu.com','321283199612039060','7657b106476db02d98869f6622bb2b26','',NULL,'2016-07-18 02:29:03',NULL),(664,'15321283680524','陆雨薇','15321283680524@usts.edu.com','321283199703259026','db1e9c8b857f4d648c14bded7c5e8904','',NULL,'2016-07-18 02:29:03',NULL),(665,'15321283680541','吴越凡','15321283680541@usts.edu.com','321283199611036044','f48fc6a677a0d6510c423205b8542a5f','',NULL,'2016-07-18 02:29:03',NULL),(666,'15321283680542','张爽','15321283680542@usts.edu.com','321283199708110028','9160cad7cfbfdeb03488b20b5bf4e1d6','',NULL,'2016-07-18 02:29:03',NULL),(667,'15321283680677','潘虹','15321283680677@usts.edu.com','321283199610105220','a111807329de382a90ee326dae6633d8','',NULL,'2016-07-18 02:29:03',NULL),(668,'15321283680732','张华静','15321283680732@usts.edu.com','321283199709070021','d98ee880bec25d8832772b99fbcaa794','',NULL,'2016-07-18 02:29:03',NULL),(669,'15321283680785','杨伟乐','15321283680785@usts.edu.com','321283199612055482','118a0dffb919e2a81f6b8c354ad0d5ec','',NULL,'2016-07-18 02:29:03',NULL),(670,'15321283680791','周钦立','15321283680791@usts.edu.com','321283199708220024','c45f9399067ab14dca5b88db08f0cc76','',NULL,'2016-07-18 02:29:03',NULL),(671,'15321283680830','王绿银','15321283680830@usts.edu.com','321283199610060640','982732c4bba933e0764049a3fa222342','',NULL,'2016-07-18 02:29:03',NULL),(672,'15321283680862','丁颖','15321283680862@usts.edu.com','321283199708042846','793b683522c4927099106cacdd9a32a1','',NULL,'2016-07-18 02:29:03',NULL),(673,'15321284680066','乔敏','15321284680066@usts.edu.com','321084199602140427','472f7617c9d59ff29c3d3fa583389c6b','',NULL,'2016-07-18 02:29:03',NULL),(674,'15321284680115','向梦悦','15321284680115@usts.edu.com','321281199710262749','c631c4d1831084ed4f86dac257cd7dbe','',NULL,'2016-07-18 02:29:03',NULL),(675,'15321284680183','叶雪娟','15321284680183@usts.edu.com','321283199511273843','a601e32936c409ab58a29312468c0e8d','',NULL,'2016-07-18 02:29:03',NULL),(676,'15321284680241','姚晔','15321284680241@usts.edu.com','321284199701190041','c480f161fd0664206693d4d802906af2','',NULL,'2016-07-18 02:29:03',NULL),(677,'15321284680253','夏彧','15321284680253@usts.edu.com','321284199708288025','fa64b10aa7cef5d44d082928dd53f0f6','',NULL,'2016-07-18 02:29:03',NULL),(678,'15321284680376','周佳','15321284680376@usts.edu.com','321284199610185618','4841424cf2f3bcf2b3a971652cf1f81c','',NULL,'2016-07-18 02:29:03',NULL),(679,'15321284680437','周曼妮','15321284680437@usts.edu.com','321281199709063566','a093d44d7726b9e644bb44a3470362fd','',NULL,'2016-07-18 02:29:03',NULL),(680,'15321284680456','林杰','15321284680456@usts.edu.com','321284199710065023','bed16a4a1810332f345099bb888d7fd1','',NULL,'2016-07-18 02:29:03',NULL),(681,'15321284680460','王芳','15321284680460@usts.edu.com','321284199704223427','3863a81a306329660e78a0290e42f9ae','',NULL,'2016-07-18 02:29:03',NULL),(682,'15321284680518','孙紫荆','15321284680518@usts.edu.com','32128419971208384X','c0323b31f213cd98659fdbfd484293a7','',NULL,'2016-07-18 02:29:03',NULL),(683,'15321284680525','袁洁','15321284680525@usts.edu.com','321284199707216820','a7710c9d90568a9b61a3fc706cbe5a70','',NULL,'2016-07-18 02:29:03',NULL),(684,'15321284680800','梁梦凡','15321284680800@usts.edu.com','321284199711036021','f93240611eaf9ff3e5b29779bae54dcc','',NULL,'2016-07-18 02:29:03',NULL),(685,'15321301680512','倪郡梓','15321301680512@usts.edu.com','321302199806108826','a91cb2563922e9ed10c1574ad71cdf2a','',NULL,'2016-07-18 02:29:03',NULL),(686,'15321301681525','刘怡','15321301681525@usts.edu.com','32132119971023312X','607185892a4fb1fd81b7329de8d6e2f0','',NULL,'2016-07-18 02:29:03',NULL),(687,'15321322670067','周晨','15321322670067@usts.edu.com','321322199512060260','0c34cece5c8822c0d6ffb4f169bfce78','',NULL,'2016-07-18 02:29:03',NULL),(688,'15321322670118','李亚','15321322670118@usts.edu.com','320723199702025244','427576cd68516f5001c65a9d5af38e28','',NULL,'2016-07-18 02:29:03',NULL),(689,'15321322670231','桑学','15321322670231@usts.edu.com','321322199607082833','5f3ced35078a99562a4b8694776c9659','',NULL,'2016-07-18 02:29:03',NULL),(690,'15321322680033','魏伟','15321322680033@usts.edu.com','321322199510170247','1b5c45c16d6432ae5366e7be3d76f7d9','',NULL,'2016-07-18 02:29:03',NULL),(691,'15321322680334','苗梦颖','15321322680334@usts.edu.com','320826199712240428','735297676ee0804812bdf55679f28dbd','',NULL,'2016-07-18 02:29:03',NULL),(692,'15321322680498','韩朋静','15321322680498@usts.edu.com','321322199501055626','96c169488fd10887fd44715d319eed78','',NULL,'2016-07-18 02:29:03',NULL),(693,'15321322680697','张梦如','15321322680697@usts.edu.com','321322199205051225','1275fe61f07b93780f49197b0f5b14d5','',NULL,'2016-07-18 02:29:03',NULL),(694,'15321322680783','刘陈新','15321322680783@usts.edu.com','321322199709254843','6128b920dffddcc7ba46840701ccd616','',NULL,'2016-07-18 02:29:03',NULL),(695,'15321322680798','胡克','15321322680798@usts.edu.com','321322199611040214','cf930d80ca68e9d9503c8a8507c231c6','',NULL,'2016-07-18 02:29:03',NULL),(696,'15321322684504','李京燕','15321322684504@usts.edu.com','321322199608172240','71f8312ae1e30f16cd4925a9834d7d61','',NULL,'2016-07-18 02:29:03',NULL),(697,'15321322684643','张通文','15321322684643@usts.edu.com','321322199702191819','4976615671df0fa642c3b040517c0475','',NULL,'2016-07-18 02:29:03',NULL),(698,'15321322684646','方苗苗','15321322684646@usts.edu.com','321322199608064848','947bffa713b4f52884cff8913185fd51','',NULL,'2016-07-18 02:29:03',NULL),(699,'15321323670039','杨爽','15321323670039@usts.edu.com','321323199701245914','f95dcf06e4c1f318001912c38259b084','',NULL,'2016-07-18 02:29:03',NULL),(700,'15321323670080','韩倩','15321323670080@usts.edu.com','32132319970913002X','71709c58f2004ecf75bac26b8033383f','',NULL,'2016-07-18 02:29:03',NULL),(701,'15321323670088','杨振','15321323670088@usts.edu.com','321323199607141916','beb5d9cca35c8d49323adca7459ed1d4','',NULL,'2016-07-18 02:29:03',NULL),(702,'15321323670482','李晋','15321323670482@usts.edu.com','321323199611010919','9bd549b0bf88b66e5b3b88030872b484','',NULL,'2016-07-18 02:29:03',NULL),(703,'15321323680067','顾雨朦','15321323680067@usts.edu.com','321323199509203327','1f5ae147a1c6f6bd7004172298ab4252','',NULL,'2016-07-18 02:29:03',NULL),(704,'15321323680166','朱江南','15321323680166@usts.edu.com','321323199707045112','51cdf616f636cb8da877432dcf02a49e','',NULL,'2016-07-18 02:29:03',NULL),(705,'15321323680215','李挺','15321323680215@usts.edu.com','321323199707094192','8fd74613587f6d0a8421f2b2ea99031f','',NULL,'2016-07-18 02:29:03',NULL),(706,'15321323680251','王子威','15321323680251@usts.edu.com','321323199501172327','2c08f4c20ea713e73085d4aeb28883cf','',NULL,'2016-07-18 02:29:03',NULL),(707,'15321323680277','钱鼎','15321323680277@usts.edu.com','321323199608123111','02643c3d868788e392ba86f60e57ce9d','',NULL,'2016-07-18 02:29:03',NULL),(708,'15321323680284','陈蒙','15321323680284@usts.edu.com','321323199701043626','47383f04f545032c246d5f81dc17913b','',NULL,'2016-07-18 02:29:03',NULL),(709,'15321324680462','王梦竹','15321324680462@usts.edu.com','321324199608142087','ed1c7e7e9498e4d32f3fa9289afcc530','',NULL,'2016-07-18 02:29:03',NULL),(710,'15321324680475','张梦雪','15321324680475@usts.edu.com','321324199611130845','656f6436ddb158e1984d3a8e54cc005a','',NULL,'2016-07-18 02:29:03',NULL),(711,'15321324680479','高景','15321324680479@usts.edu.com','321324199710124619','a78c880fdfb5c16891996d12178d638e','',NULL,'2016-07-18 02:29:03',NULL),(712,'15321324680710','曹梦玲','15321324680710@usts.edu.com','321324199601114024','a3a02dc7450071da727a462ccebd35aa','',NULL,'2016-07-18 02:29:03',NULL),(713,'15321324680789','王舒婷','15321324680789@usts.edu.com','32132419970715362X','874fdf78774d8a707b649f1d8820ff18','',NULL,'2016-07-18 02:29:03',NULL),(714,'15321324680922','任家萱','15321324680922@usts.edu.com','321324199802180028','5705125a7adb42718861376bbb7347d1','',NULL,'2016-07-18 02:29:03',NULL),(715,'15321324681266','余海琴','15321324681266@usts.edu.com','321324199807260043','9057f1181c6f46149f351ddf0941edd4','',NULL,'2016-07-18 02:29:03',NULL),(716,'15321324681403','刘倩','15321324681403@usts.edu.com','321324199704083486','81c4d80274a3ab928f683451862d3ea3','',NULL,'2016-07-18 02:29:03',NULL);

/*!40101 SET SQL_MODE=@OLD_SQL_MODE */;
/*!40014 SET FOREIGN_KEY_CHECKS=@OLD_FOREIGN_KEY_CHECKS */;
/*!40014 SET UNIQUE_CHECKS=@OLD_UNIQUE_CHECKS */;
/*!40111 SET SQL_NOTES=@OLD_SQL_NOTES */;
